Sample;Assay;N;Outliers;Rejected;Total reps;Ct;Ct SD;Tm;Tm SD;Efficiency;Conc;Flags
7;aacC2;0;0;3;3;;;;;;-1;NotInformative
8;aacC2;0;0;3;3;;;;;;-1;NotInformative
9;aacC2;0;0;3;3;;;;;;-1;NotInformative
000NTC;aacC2;0;0;1;1;;;;;;-1;NotInformative
GENO;aacC2;0;0;2;2;;;;;;-1;NotInformative
7;aacA/aphD;0;0;3;3;;;;;;-1;NotInformative
8;aacA/aphD;0;0;3;3;;;;;;-1;NotInformative
9;aacA/aphD;0;0;3;3;;;;;;-1;NotInformative
000NTC;aacA/aphD;0;0;1;1;;;;;;-1;NotInformative
GENO;aacA/aphD;0;0;2;2;;;;;;-1;NotInformative
7;aac(6')-II;0;0;3;3;;;;;;-1;NotInformative
8;aac(6')-II;0;0;3;3;;;;;;-1;NotInformative
9;aac(6')-II;0;0;3;3;;;;;;-1;NotInformative
000NTC;aac(6')-II;0;0;1;1;;;;;;-1;NotInformative
GENO;aac(6')-II;0;0;2;2;;;;;;-1;NotInformative
7;aphA3;0;0;3;3;;;;;;-1;NotInformative
8;aphA3;0;0;3;3;;;;;;-1;NotInformative
9;aphA3;1;0;2;3;43;;90.01;;1.82;-1;
000NTC;aphA3;0;0;1;1;;;;;;-1;NotInformative
GENO;aphA3;0;0;2;2;;;;;;-1;NotInformative
7;sat4;0;0;3;3;;;;;;-1;NotInformative
8;sat4;0;0;3;3;;;;;;-1;NotInformative
9;sat4;0;0;3;3;;;;;;-1;NotInformative
000NTC;sat4;0;0;1;1;;;;;;-1;NotInformative
GENO;sat4;0;0;2;2;;;;;;-1;NotInformative
7;aac(6')-Ib;2;0;1;3;39.26;0.99;90.33;0.07;1.76;-1;MultipleMeltPeaks
8;aac(6')-Ib;3;0;0;3;35.12;0.97;90.24;0.74;1.81;-1;
9;aac(6')-Ib;3;0;0;3;32.78;1.05;90.74;0.58;1.8;-1;
000NTC;aac(6')-Ib;0;0;1;1;;;;;;-1;NotInformative
GENO;aac(6')-Ib;0;0;2;2;;;;;;-1;NotInformative
7;aadA2a;1;0;2;3;38.84;;84.26;;1.73;-1;MultipleMeltPeaks
8;aadA2a;2;0;1;3;36.08;1.86;91.96;1.74;1.79;-1;MultipleMeltPeaks
9;aadA2a;2;0;1;3;34.2;0.92;91.05;0.2;1.8;-1;MultipleMeltPeaks
000NTC;aadA2a;0;0;1;1;;;;;;-1;NotInformative
GENO;aadA2a;0;0;2;2;;;;;;-1;NotInformative
7;aadA5;0;0;3;3;;;;;;-1;NotInformative
8;aadA5;1;0;2;3;38.61;;87.83;;1.79;-1;
9;aadA5;1;0;2;3;40.03;;83.98;;1.83;-1;
000NTC;aadA5;0;0;1;1;;;;;;-1;NotInformative
GENO;aadA5;0;0;2;2;;;;;;-1;NotInformative
7;aadA_99;0;0;3;3;;;;;;-1;NotInformative
8;aadA_99;0;0;3;3;;;;;;-1;NotInformative
9;aadA_99;3;0;0;3;40.85;3.49;86.41;0.94;1.74;-1;
000NTC;aadA_99;0;0;1;1;;;;;;-1;NotInformative
GENO;aadA_99;0;0;2;2;;;;;;-1;NotInformative
7;aph(2')-Id;0;0;3;3;;;;;;-1;NotInformative
8;aph(2')-Id;0;0;3;3;;;;;;-1;NotInformative
9;aph(2')-Id;0;0;3;3;;;;;;-1;NotInformative
000NTC;aph(2')-Id;0;0;1;1;;;;;;-1;NotInformative
GENO;aph(2')-Id;0;0;2;2;;;;;;-1;NotInformative
7;aadD;1;0;2;3;39.7;;89.57;;1.78;-1;MultipleMeltPeaks
8;aadD;1;0;2;3;40.37;;88.42;;1.82;-1;MultipleMeltPeaks
9;aadD;1;0;2;3;43.32;;91.81;;1.72;-1;MultipleMeltPeaks
000NTC;aadD;0;0;1;1;;;;;;-1;NotInformative
GENO;aadD;0;0;2;2;;;;;;-1;NotInformative
7;aadA2b;2;0;1;3;39.48;0.09;86.57;3.52;1.82;-1;MultipleMeltPeaks
8;aadA2b;2;0;1;3;35.55;2.18;88.58;0.16;1.86;-1;MultipleMeltPeaks
9;aadA2b;1;0;2;3;39.66;;83.83;;1.85;-1;MultipleMeltPeaks
000NTC;aadA2b;0;0;1;1;;;;;;-1;NotInformative
GENO;aadA2b;0;0;2;2;;;;;;-1;NotInformative
7;aadA9;2;1;0;3;33.74;0.03;90.85;1.03;1.85;-1;ContainsOutlierReplicateCt
8;aadA9;2;0;1;3;31.96;1.58;90.39;0.98;1.86;-1;MultipleMeltPeaks
9;aadA9;3;0;0;3;31.32;1.31;89.67;0.5;1.84;-1;
000NTC;aadA9;0;0;1;1;;;;;;-1;NotInformative
GENO;aadA9;0;0;2;2;;;;;;-1;NotInformative
7;aphA1;0;0;3;3;;;;;;-1;NotInformative
8;aphA1;0;0;3;3;;;;;;-1;NotInformative
9;aphA1;0;0;3;3;;;;;;-1;NotInformative
000NTC;aphA1;0;0;1;1;;;;;;-1;NotInformative
GENO;aphA1;0;0;2;2;;;;;;-1;NotInformative
7;aadE;2;0;1;3;41.52;0.88;72.17;0.01;1.84;-1;
8;aadE;0;0;3;3;;;;;;-1;NotInformative
9;aadE;0;0;3;3;;;;;;-1;NotInformative
000NTC;aadE;0;0;1;1;;;;;;-1;NotInformative
GENO;aadE;0;0;2;2;;;;;;-1;NotInformative
7;str;0;0;3;3;;;;;;-1;NotInformative
8;str;0;0;3;3;;;;;;-1;NotInformative
9;str;0;0;3;3;;;;;;-1;NotInformative
000NTC;str;0;0;1;1;;;;;;-1;NotInformative
GENO;str;0;0;2;2;;;;;;-1;NotInformative
7;strA;0;0;3;3;;;;;;-1;NotInformative
8;strA;0;0;3;3;;;;;;-1;NotInformative
9;strA;0;0;3;3;;;;;;-1;NotInformative
000NTC;strA;0;0;1;1;;;;;;-1;NotInformative
GENO;strA;0;0;2;2;;;;;;-1;NotInformative
7;aac3ia;3;0;0;3;31.98;1.66;91.43;0.23;1.93;-1;
8;aac3ia;3;0;0;3;32.27;0.46;91.54;0.1;1.98;-1;
9;aac3ia;3;0;0;3;29.93;0.56;91.42;0.31;1.95;-1;
000NTC;aac3ia;0;0;1;1;;;;;;-1;NotInformative
GENO;aac3ia;0;0;2;2;;;;;;-1;NotInformative
7;aph4ib;2;0;1;3;26.05;0.65;91.35;0.09;1.98;-1;MultipleMeltPeaks
8;aph4ib;3;0;0;3;26.36;0.48;91.04;0.49;2;-1;
9;aph4ib;3;0;0;3;25.33;0.78;91.66;0.25;2;-1;
000NTC;aph4ib;0;0;1;1;;;;;;-1;NotInformative
GENO;aph4ib;0;0;2;2;;;;;;-1;NotInformative
7;aph3via;0;0;3;3;;;;;;-1;NotInformative
8;aph3via;0;0;3;3;;;;;;-1;NotInformative
9;aph3via;0;0;3;3;;;;;;-1;NotInformative
000NTC;aph3via;0;0;1;1;;;;;;-1;NotInformative
GENO;aph3via;0;0;2;2;;;;;;-1;NotInformative
7;aph6ic;2;0;1;3;29.57;2.1;91.14;0.13;1.96;-1;MultipleMeltPeaks
8;aph6ic;2;0;1;3;32.24;0.13;88.37;2.82;1.76;-1;MultipleMeltPeaks
9;aph6ic;2;0;1;3;30.37;1.24;88.75;1.13;1.91;-1;MultipleMeltPeaks
000NTC;aph6ic;0;0;1;1;;;;;;-1;NotInformative
GENO;aph6ic;0;0;2;2;;;;;;-1;NotInformative
7;ArmA;1;0;2;3;41.85;;72.86;;1.8;-1;MultipleMeltPeaks
8;ArmA;0;0;3;3;;;;;;-1;NotInformative
9;ArmA;0;0;3;3;;;;;;-1;NotInformative
000NTC;ArmA;0;0;1;1;;;;;;-1;MultipleMeltPeaks, NotInformative
GENO;ArmA;1;0;1;2;40.96;;72.45;;1.77;-1;MultipleMeltPeaks
7;spcN;3;0;0;3;26.89;0.92;89.22;0.9;1.92;-1;
8;spcN;2;0;1;3;27.31;0.06;88.79;0.01;1.9;-1;MultipleMeltPeaks
9;spcN;2;0;1;3;26.21;0.43;89.17;0.65;1.94;-1;MultipleMeltPeaks
000NTC;spcN;0;0;1;1;;;;;;-1;NotInformative
GENO;spcN;0;0;2;2;;;;;;-1;NotInformative
7;spec_aph;1;0;2;3;40.86;;87.56;;1.81;-1;
8;spec_aph;0;0;3;3;;;;;;-1;NotInformative
9;spec_aph;0;0;3;3;;;;;;-1;NotInformative
000NTC;spec_aph;0;0;1;1;;;;;;-1;NotInformative
GENO;spec_aph;0;0;2;2;;;;;;-1;NotInformative
7;aac(3)-ib;2;0;1;3;35.57;1.57;90.45;0.04;1.76;-1;MultipleMeltPeaks
8;aac(3)-ib;0;0;3;3;;;;;;-1;MultipleMeltPeaks, NotInformative
9;aac(3)-ib;2;0;1;3;31.9;1.58;92.23;0.02;1.83;-1;MultipleMeltPeaks
000NTC;aac(3)-ib;0;0;1;1;;;;;;-1;NotInformative
GENO;aac(3)-ib;0;0;2;2;;;;;;-1;NotInformative
7;aac(3)-id_ie;0;0;3;3;;;;;;-1;NotInformative
8;aac(3)-id_ie;2;0;1;3;34.52;3.24;87.17;2.77;1.51;-1;
9;aac(3)-id_ie;1;0;2;3;36.85;;84.38;;1.92;-1;MultipleMeltPeaks
000NTC;aac(3)-id_ie;0;0;1;1;;;;;;-1;NotInformative
GENO;aac(3)-id_ie;0;0;2;2;;;;;;-1;NotInformative
7;aac(3)-iid_iii_iif_iia_iie;3;0;0;3;29.9;1.28;87.28;0.95;1.66;-1;
8;aac(3)-iid_iii_iif_iia_iie;2;0;1;3;29.45;0.88;85.94;0.98;1.66;-1;MultipleMeltPeaks
9;aac(3)-iid_iii_iif_iia_iie;2;0;1;3;30.08;1.44;86.59;1.91;1.66;-1;MultipleMeltPeaks
000NTC;aac(3)-iid_iii_iif_iia_iie;0;0;1;1;;;;;;-1;NotInformative
GENO;aac(3)-iid_iii_iif_iia_iie;2;0;0;2;37.45;9.68;79.15;3.76;1.94;-1;
7;aac(3)-xaa;3;0;0;3;37.32;1.52;85.25;6.19;1.61;-1;
8;aac(3)-xaa;1;0;2;3;38.53;;85.29;;1.62;-1;MultipleMeltPeaks
9;aac(3)-xaa;2;0;1;3;35.47;1.49;87.07;3.64;1.52;-1;MultipleMeltPeaks
000NTC;aac(3)-xaa;0;0;1;1;;;;;;-1;NotInformative
GENO;aac(3)-xaa;0;0;2;2;;;;;;-1;NotInformative
7;Aac6-Aph2;2;0;1;3;37.88;1.31;81.8;0.28;1.9;-1;
8;Aac6-Aph2;0;0;3;3;;;;;;-1;NotInformative
9;Aac6-Aph2;0;0;3;3;;;;;;-1;NotInformative
000NTC;Aac6-Aph2;0;0;1;1;;;;;;-1;NotInformative
GENO;Aac6-Aph2;0;0;2;2;;;;;;-1;NotInformative
7;aac(6)-ig;3;0;0;3;36.94;1.9;75.85;0.28;1.81;-1;
8;aac(6)-ig;3;0;0;3;34.24;2.83;76.13;0.28;1.77;-1;
9;aac(6)-ig;2;1;0;3;32.18;1.01;76.39;0.05;1.82;-1;ContainsOutlierReplicateCt
000NTC;aac(6)-ig;1;0;0;1;29.26;;76.44;;1.82;-1;
GENO;aac(6)-ig;2;0;0;2;34;2.37;75.82;0.19;1.77;-1;
7;aac(6)-iic;1;0;2;3;40.36;;90.04;;1.62;-1;MultipleMeltPeaks
8;aac(6)-iic;2;0;1;3;38.7;0.8;89.86;0.92;1.69;-1;MultipleMeltPeaks
9;aac(6)-iic;1;0;2;3;34.69;;91.43;;1.74;-1;MultipleMeltPeaks
000NTC;aac(6)-iic;0;0;1;1;;;;;;-1;NotInformative
GENO;aac(6)-iic;0;0;2;2;;;;;;-1;NotInformative
7;aac(6)-ij;0;0;3;3;;;;;;-1;NotInformative
8;aac(6)-ij;0;0;3;3;;;;;;-1;NotInformative
9;aac(6)-ij;0;0;3;3;;;;;;-1;NotInformative
000NTC;aac(6)-ij;0;0;1;1;;;;;;-1;NotInformative
GENO;aac(6)-ij;0;0;2;2;;;;;;-1;NotInformative
7;aac(6)-im;1;0;2;3;38.57;;88.38;;1.84;-1;
8;aac(6)-im;1;0;2;3;40.31;;87.85;;1.83;-1;MultipleMeltPeaks
9;aac(6)-im;0;0;3;3;;;;;;-1;NotInformative
000NTC;aac(6)-im;0;0;1;1;;;;;;-1;NotInformative
GENO;aac(6)-im;0;0;2;2;;;;;;-1;NotInformative
7;aac(6)-ir;1;0;2;3;28.65;;89.35;;1.91;-1;MultipleMeltPeaks
8;aac(6)-ir;0;0;3;3;;;;;;-1;MultipleMeltPeaks, NotInformative
9;aac(6)-ir;3;0;0;3;29.32;0.86;90.12;0.3;1.93;-1;
000NTC;aac(6)-ir;0;0;1;1;;;;;;-1;NotInformative
GENO;aac(6)-ir;0;0;2;2;;;;;;-1;NotInformative
7;aac(6)-is_iu_ix;0;0;3;3;;;;;;-1;MultipleMeltPeaks, NotInformative
8;aac(6)-is_iu_ix;0;0;3;3;;;;;;-1;MultipleMeltPeaks, NotInformative
9;aac(6)-is_iu_ix;1;0;2;3;38.95;;87.23;;1.79;-1;MultipleMeltPeaks
000NTC;aac(6)-is_iu_ix;0;0;1;1;;;;;;-1;MultipleMeltPeaks, NotInformative
GENO;aac(6)-is_iu_ix;0;0;2;2;;;;;;-1;MultipleMeltPeaks, NotInformative
7;aac(6)-iv_ih;3;0;0;3;36.12;1.93;89.38;0.74;1.9;-1;
8;aac(6)-iv_ih;2;1;0;3;34.38;0.19;89.51;0.69;1.94;-1;ContainsOutlierReplicateCt
9;aac(6)-iv_ih;1;0;2;3;36.77;;89.5;;1.92;-1;MultipleMeltPeaks
000NTC;aac(6)-iv_ih;0;0;1;1;;;;;;-1;NotInformative
GENO;aac(6)-iv_ih;0;0;2;2;;;;;;-1;NotInformative
7;aac(6)-iw;1;0;2;3;30.44;;77.34;;1.93;-1;
8;aac(6)-iw;0;0;3;3;;;;;;-1;NotInformative
9;aac(6)-iw;0;0;3;3;;;;;;-1;NotInformative
000NTC;aac(6)-iw;0;0;1;1;;;;;;-1;NotInformative
GENO;aac(6)-iw;1;0;1;2;43.9;;75.11;;1.9;-1;
7;aac(6)-iz;3;0;0;3;33.56;2.48;90.81;1.14;1.81;-1;
8;aac(6)-iz;3;0;0;3;34.1;2.1;90.81;1.85;1.76;-1;
9;aac(6)-iz;2;0;1;3;34.79;2.19;89.85;0.53;1.73;-1;MultipleMeltPeaks
000NTC;aac(6)-iz;1;0;0;1;33.18;;74.21;;1.4;-1;
GENO;aac(6)-iz;0;0;2;2;;;;;;-1;MultipleMeltPeaks, NotInformative
7;aacA43;2;1;0;3;40.3;0.04;84.09;6.43;1.72;-1;ContainsOutlierReplicateCt
8;aacA43;1;0;2;3;35.1;;77.29;;1.88;-1;
9;aacA43;1;0;2;3;42.92;;73.72;;1.66;-1;
000NTC;aacA43;0;0;1;1;;;;;;-1;NotInformative
GENO;aacA43;0;0;2;2;;;;;;-1;NotInformative
7;aadA6;2;0;1;3;39.61;2.5;85.48;2.78;1.84;-1;
8;aadA6;2;0;1;3;;10.06;;;;-1;NotInformative
9;aadA6;2;1;0;3;25.61;0.01;87.81;0.65;1.88;-1;ContainsOutlierReplicateCt
000NTC;aadA6;0;0;1;1;;;;;;-1;NotInformative
GENO;aadA6;0;0;2;2;;;;;;-1;NotInformative
7;aadA7;2;1;0;3;27.1;0.16;89.42;0.13;1.95;-1;ContainsOutlierReplicateCt
8;aadA7;3;0;0;3;26.49;0.27;89.61;0.25;1.93;-1;
9;aadA7;2;1;0;3;25.49;6.78E-03;89.92;0.4;2.03;-1;ContainsOutlierReplicateCt
000NTC;aadA7;1;0;0;1;40.41;;71.32;;1.61;-1;
GENO;aadA7;0;0;2;2;;;;;;-1;MultipleMeltPeaks, NotInformative
7;aadA10;2;0;1;3;40.42;0.24;87.06;2.36;1.83;-1;
8;aadA10;2;0;1;3;39.44;0.31;90.48;1.98;1.77;-1;MultipleMeltPeaks
9;aadA10;1;0;2;3;38.56;;89.61;;1.82;-1;MultipleMeltPeaks
000NTC;aadA10;0;0;1;1;;;;;;-1;NotInformative
GENO;aadA10;0;0;2;2;;;;;;-1;NotInformative
7;aadA16;1;0;2;3;37.54;;86.68;;1.74;-1;
8;aadA16;0;0;3;3;;;;;;-1;MultipleMeltPeaks, NotInformative
9;aadA16;1;0;2;3;33.99;;90.61;;1.85;-1;MultipleMeltPeaks
000NTC;aadA16;0;0;1;1;;;;;;-1;NotInformative
GENO;aadA16;1;0;1;2;38.96;;76.84;;1.84;-1;
7;aadA17;3;0;0;3;34.17;2.32;89.33;1.05;1.84;-1;
8;aadA17;3;0;0;3;31.62;2.16;88.68;0.14;1.85;-1;
9;aadA17;3;0;0;3;33.14;2.62;88.78;0.13;1.85;-1;
000NTC;aadA17;0;0;1;1;;;;;;-1;NotInformative
GENO;aadA17;0;0;2;2;;;;;;-1;NotInformative
7;aadB;1;0;2;3;40.31;;84.46;;1.76;-1;MultipleMeltPeaks
8;aadB;0;0;3;3;;;;;;-1;MultipleMeltPeaks, NotInformative
9;aadB;2;1;0;3;30.3;0.19;90.2;0.97;1.93;-1;ContainsOutlierReplicateCt
000NTC;aadB;0;0;1;1;;;;;;-1;NotInformative
GENO;aadB;2;0;0;2;41.5;2.98;79.33;0.87;1.87;-1;
7;ant4-ib;1;0;2;3;35.99;;89.42;;1.83;-1;MultipleMeltPeaks
8;ant4-ib;2;0;1;3;32.65;2.11;83.58;2.41;1.79;-1;MultipleMeltPeaks
9;ant4-ib;2;0;1;3;38.06;2.32;87.36;1.28;1.77;-1;MultipleMeltPeaks
000NTC;ant4-ib;0;0;1;1;;;;;;-1;NotInformative
GENO;ant4-ib;0;0;2;2;;;;;;-1;NotInformative
7;ant6-ia;2;0;1;3;36.75;0.1;90.18;2.1;1.9;-1;MultipleMeltPeaks
8;ant6-ia;2;1;0;3;37.1;0.26;88.88;0.29;1.79;-1;ContainsOutlierReplicateCt
9;ant6-ia;1;0;2;3;33.1;;90.68;;1.85;-1;MultipleMeltPeaks
000NTC;ant6-ia;0;0;1;1;;;;;;-1;NotInformative
GENO;ant6-ia;0;0;2;2;;;;;;-1;NotInformative
7;aph3-ib;2;1;0;3;36.06;0.11;90.68;2.2;1.81;-1;ContainsOutlierReplicateCt
8;aph3-ib;1;0;2;3;33.1;;91.73;;1.82;-1;MultipleMeltPeaks
9;aph3-ib;3;0;0;3;30.63;0.83;90.29;0.25;1.85;-1;
000NTC;aph3-ib;0;0;1;1;;;;;;-1;NotInformative
GENO;aph3-ib;0;0;2;2;;;;;;-1;NotInformative
7;aph3-viia;0;0;3;3;;;;;;-1;NotInformative
8;aph3-viia;1;0;2;3;30.96;;76.69;;1.87;-1;
9;aph3-viia;0;0;3;3;;;;;;-1;NotInformative
000NTC;aph3-viia;0;0;1;1;;;;;;-1;NotInformative
GENO;aph3-viia;0;0;2;2;;;;;;-1;NotInformative
7;aph4-ia;1;0;2;3;41.04;;75.99;;1.68;-1;
8;aph4-ia;0;0;3;3;;;;;;-1;NotInformative
9;aph4-ia;1;0;2;3;40.79;;86.4;;1.67;-1;MultipleMeltPeaks
000NTC;aph4-ia;0;0;1;1;;;;;;-1;MultipleMeltPeaks, NotInformative
GENO;aph4-ia;1;0;1;2;40.64;;76.7;;1.71;-1;MultipleMeltPeaks
7;aph(3'')-ia;2;0;1;3;42.27;1.25;90.26;0.56;1.66;-1;MultipleMeltPeaks
8;aph(3'')-ia;3;0;0;3;39.84;0.51;90.69;0.19;1.68;-1;
9;aph(3'')-ia;2;0;1;3;40.45;2.18;90.47;0.27;1.71;-1;
000NTC;aph(3'')-ia;0;0;1;1;;;;;;-1;NotInformative
GENO;aph(3'')-ia;0;0;2;2;;;;;;-1;NotInformative
7;apmA;0;0;3;3;;;;;;-1;NotInformative
8;apmA;0;0;3;3;;;;;;-1;NotInformative
9;apmA;0;0;3;3;;;;;;-1;NotInformative
000NTC;apmA;1;0;0;1;35.18;;75.82;;1.81;-1;
GENO;apmA;2;0;0;2;36.74;2.59;75.28;0.51;1.74;-1;
7;aph_viii;0;0;3;3;;;;;;-1;NotInformative
8;aph_viii;0;0;3;3;;;;;;-1;NotInformative
9;aph_viii;0;0;3;3;;;;;;-1;NotInformative
000NTC;aph_viii;0;0;1;1;;;;;;-1;NotInformative
GENO;aph_viii;0;0;2;2;;;;;;-1;NotInformative
7;acc3-iva;1;0;2;3;32.9;;88.2;;1.72;-1;MultipleMeltPeaks
8;acc3-iva;2;0;1;3;32.94;0.92;79.45;0.16;1.75;-1;MultipleMeltPeaks
9;acc3-iva;1;0;2;3;33.2;;89.52;;1.78;-1;MultipleMeltPeaks
000NTC;acc3-iva;1;0;0;1;29.31;;81.28;;1.84;-1;
GENO;acc3-iva;0;0;2;2;;;;;;-1;MultipleMeltPeaks, NotInformative
7;aac(6')I1;0;0;3;3;;;;;;-1;NotInformative
8;aac(6')I1;0;0;3;3;;;;;;-1;NotInformative
9;aac(6')I1;1;0;2;3;35.96;;89.24;;1.83;-1;
000NTC;aac(6')I1;0;0;1;1;;;;;;-1;NotInformative
GENO;aac(6')I1;0;0;2;2;;;;;;-1;NotInformative
7;aac(6')-Iy;1;0;2;3;38.9;;89.79;;1.86;-1;
8;aac(6')-Iy;2;0;1;3;35;4.98;90.52;0.54;1.83;-1;
9;aac(6')-Iy;2;0;1;3;30.53;1.59;90.16;0.1;1.92;-1;MultipleMeltPeaks
000NTC;aac(6')-Iy;0;0;1;1;;;;;;-1;NotInformative
GENO;aac(6')-Iy;0;0;2;2;;;;;;-1;NotInformative
7;aph6ia;1;0;2;3;27.81;;91.18;;1.78;-1;MultipleMeltPeaks
8;aph6ia;1;0;2;3;27.92;;84.03;;1.72;-1;MultipleMeltPeaks
9;aph6ia;2;0;1;3;27.39;0.06;87.7;1.81;1.75;-1;MultipleMeltPeaks
000NTC;aph6ia;1;0;0;1;39.94;;76.62;;1.87;-1;
GENO;aph6ia;2;0;0;2;29.83;0.53;81.56;0.1;1.76;-1;
7;aac3-Via;3;0;0;3;20.58;0.11;89.79;0.04;1.99;-1;
8;aac3-Via;3;0;0;3;20.18;0.23;89.7;0.15;2.02;-1;
9;aac3-Via;3;0;0;3;20.1;0.16;89.45;0.16;2.01;-1;
000NTC;aac3-Via;0;0;1;1;;;;;;-1;NotInformative
GENO;aac3-Via;2;0;0;2;41.1;1.3;80.08;0.34;1.92;-1;
7;aph3-III;1;0;2;3;43.94;;88.56;;1.73;-1;
8;aph3-III;0;0;3;3;;;;;;-1;NotInformative
9;aph3-III;1;0;2;3;37.79;;88.72;;1.82;-1;
000NTC;aph3-III;0;0;1;1;;;;;;-1;NotInformative
GENO;aph3-III;0;0;2;2;;;;;;-1;NotInformative
7;ant6-ib;3;0;0;3;34.25;2.88;90.37;0.19;1.79;-1;
8;ant6-ib;3;0;0;3;35.14;3.16;90.34;0.32;1.71;-1;
9;ant6-ib;2;0;1;3;33.2;1.35;89.92;0.23;1.79;-1;MultipleMeltPeaks
000NTC;ant6-ib;0;0;1;1;;;;;;-1;NotInformative
GENO;ant6-ib;0;0;2;2;;;;;;-1;NotInformative
7;aac(3)-Xab;0;0;3;3;;;;;;-1;MultipleMeltPeaks, NotInformative
8;aac(3)-Xab;1;0;2;3;40.08;;78.31;;1.76;-1;
9;aac(3)-Xab;1;0;2;3;35.8;;87.93;;1.55;-1;MultipleMeltPeaks
000NTC;aac(3)-Xab;0;0;1;1;;;;;;-1;NotInformative
GENO;aac(3)-Xab;0;0;2;2;;;;;;-1;NotInformative
7;catB3;2;0;1;3;40.9;3.56;86.71;4.19;1.78;-1;MultipleMeltPeaks
8;catB3;2;0;1;3;39.99;2.46;86.85;4.13;1.79;-1;
9;catB3;2;0;1;3;37.73;0.71;85.78;2.71;1.81;-1;MultipleMeltPeaks
000NTC;catB3;0;0;1;1;;;;;;-1;NotInformative
GENO;catB3;0;0;2;2;;;;;;-1;NotInformative
7;catB8;0;0;3;3;;;;;;-1;NotInformative
8;catB8;0;0;3;3;;;;;;-1;NotInformative
9;catB8;1;0;2;3;41.81;;87.49;;1.86;-1;
000NTC;catB8;0;0;1;1;;;;;;-1;NotInformative
GENO;catB8;0;0;2;2;;;;;;-1;NotInformative
7;ceoA;3;0;0;3;32.57;1.23;87.6;2.9;1.88;-1;
8;ceoA;0;0;3;3;;;;;;-1;MultipleMeltPeaks, NotInformative
9;ceoA;3;0;0;3;32.25;1.62;88.57;2.41;1.93;-1;
000NTC;ceoA;0;0;1;1;;;;;;-1;NotInformative
GENO;ceoA;0;0;2;2;;;;;;-1;NotInformative
7;cmlA1;3;0;0;3;34.43;3.08;90.52;0.64;1.92;-1;
8;cmlA1;2;0;1;3;31.29;1.31;90.28;0.1;1.86;-1;MultipleMeltPeaks
9;cmlA1;2;0;1;3;33.19;1.51;91.15;0.34;1.86;-1;MultipleMeltPeaks
000NTC;cmlA1;0;0;1;1;;;;;;-1;NotInformative
GENO;cmlA1;1;0;1;2;41.91;;76.49;;1.66;-1;MultipleMeltPeaks
7;cmx(A);1;0;2;3;36.89;;89.35;;1.83;-1;MultipleMeltPeaks
8;cmx(A);2;0;1;3;37;3.45;88.5;2.89;1.89;-1;MultipleMeltPeaks
9;cmx(A);3;0;0;3;35.81;4.85;85.44;2.71;1.83;-1;
000NTC;cmx(A);0;0;1;1;;;;;;-1;NotInformative
GENO;cmx(A);1;0;1;2;44.72;;77.39;;1.79;-1;
7;catA1;0;0;3;3;;;;;;-1;NotInformative
8;catA1;0;0;3;3;;;;;;-1;NotInformative
9;catA1;0;0;3;3;;;;;;-1;NotInformative
000NTC;catA1;0;0;1;1;;;;;;-1;NotInformative
GENO;catA1;0;0;2;2;;;;;;-1;NotInformative
7;qnrB-bob_resign;2;0;1;3;34.06;4.01;90.23;1.71;1.68;-1;MultipleMeltPeaks
8;qnrB-bob_resign;3;0;0;3;34.43;2.27;88.29;1.64;1.69;-1;
9;qnrB-bob_resign;2;0;1;3;38.85;4.33;87.09;1.63;1.72;-1;MultipleMeltPeaks
000NTC;qnrB-bob_resign;0;0;1;1;;;;;;-1;NotInformative
GENO;qnrB-bob_resign;1;0;1;2;39.81;;78.44;;1.86;-1;
7;cmlA5;3;0;0;3;34.66;1.54;90.58;0.17;1.78;-1;
8;cmlA5;2;0;1;3;32.55;0.98;91.16;0.94;1.82;-1;MultipleMeltPeaks
9;cmlA5;3;0;0;3;38.34;1.32;90.65;0.02;1.74;-1;
000NTC;cmlA5;0;0;1;1;;;;;;-1;NotInformative
GENO;cmlA5;0;0;2;2;;;;;;-1;NotInformative
7;floR;3;0;0;3;32.32;1.46;91.34;0.15;1.89;-1;
8;floR;1;0;2;3;30.94;;91.27;;1.89;-1;MultipleMeltPeaks
9;floR;2;0;1;3;31.04;1.69;90.87;0.14;1.9;-1;MultipleMeltPeaks
000NTC;floR;0;0;1;1;;;;;;-1;NotInformative
GENO;floR;0;0;2;2;;;;;;-1;NotInformative
7;vanC;0;0;3;3;;;;;;-1;MultipleMeltPeaks, NotInformative
8;vanC;2;0;1;3;39.54;2.66;83.88;1.68;1.78;-1;
9;vanC;2;0;1;3;38.49;0.44;86.21;7.07;1.85;-1;
000NTC;vanC;0;0;1;1;;;;;;-1;NotInformative
GENO;vanC;0;0;2;2;;;;;;-1;NotInformative
7;VanB;0;0;3;3;;;;;;-1;MultipleMeltPeaks, NotInformative
8;VanB;1;0;2;3;29.34;;90.01;;1.82;-1;MultipleMeltPeaks
9;VanB;1;0;2;3;28.5;;88.29;;1.9;-1;MultipleMeltPeaks
000NTC;VanB;0;0;1;1;;;;;;-1;NotInformative
GENO;VanB;0;0;2;2;;;;;;-1;NotInformative
7;vanD;0;0;3;3;;;;;;-1;NotInformative
8;vanD;0;0;3;3;;;;;;-1;NotInformative
9;vanD;0;0;3;3;;;;;;-1;MultipleMeltPeaks, NotInformative
000NTC;vanD;0;0;1;1;;;;;;-1;NotInformative
GENO;vanD;0;0;2;2;;;;;;-1;NotInformative
7;vanHD;2;0;1;3;39.15;0.89;80.22;0.02;1.84;-1;MultipleMeltPeaks
8;vanHD;1;0;2;3;41.41;;82.83;;1.88;-1;MultipleMeltPeaks
9;vanHD;2;0;1;3;40.94;3.21;83.64;1.05;1.83;-1;
000NTC;vanHD;0;0;1;1;;;;;;-1;NotInformative
GENO;vanHD;0;0;2;2;;;;;;-1;NotInformative
7;vanHB;2;0;1;3;29.38;0.41;92.03;0.15;1.91;-1;MultipleMeltPeaks
8;vanHB;1;0;2;3;28.2;;89.1;;1.93;-1;MultipleMeltPeaks
9;vanHB;2;1;0;3;30.07;0.1;89.02;0.18;1.88;-1;ContainsOutlierReplicateCt
000NTC;vanHB;0;0;1;1;;;;;;-1;NotInformative
GENO;vanHB;0;0;2;2;;;;;;-1;NotInformative
7;vanRA;0;0;3;3;;;;;;-1;NotInformative
8;vanRA;0;0;3;3;;;;;;-1;NotInformative
9;vanRA;0;0;3;3;;;;;;-1;NotInformative
000NTC;vanRA;0;0;1;1;;;;;;-1;NotInformative
GENO;vanRA;0;0;2;2;;;;;;-1;NotInformative
7;vanSA;1;0;2;3;40.28;;77.62;;1.9;-1;
8;vanSA;0;0;3;3;;;;;;-1;NotInformative
9;vanSA;0;0;3;3;;;;;;-1;NotInformative
000NTC;vanSA;0;0;1;1;;;;;;-1;NotInformative
GENO;vanSA;0;0;2;2;;;;;;-1;NotInformative
7;vanWB;0;0;3;3;;;;;;-1;NotInformative
8;vanWB;0;0;3;3;;;;;;-1;NotInformative
9;vanWB;0;0;3;3;;;;;;-1;NotInformative
000NTC;vanWB;0;0;1;1;;;;;;-1;NotInformative
GENO;vanWB;0;0;2;2;;;;;;-1;NotInformative
7;vanXB;0;0;3;3;;;;;;-1;NotInformative
8;vanXB;0;0;3;3;;;;;;-1;NotInformative
9;vanXB;1;0;2;3;33.43;;88.29;;1.91;-1;
000NTC;vanXB;0;0;1;1;;;;;;-1;NotInformative
GENO;vanXB;0;0;2;2;;;;;;-1;NotInformative
7;vanRB;3;0;0;3;34.98;3.77;86.6;3.92;1.92;-1;
8;vanRB;1;0;2;3;34.76;;85.03;;1.82;-1;MultipleMeltPeaks
9;vanRB;1;0;2;3;33.57;;87.09;;1.88;-1;MultipleMeltPeaks
000NTC;vanRB;0;0;1;1;;;;;;-1;NotInformative
GENO;vanRB;0;0;2;2;;;;;;-1;NotInformative
7;vanRC;0;0;3;3;;;;;;-1;NotInformative
8;vanRC;0;0;3;3;;;;;;-1;NotInformative
9;vanRC;0;0;3;3;;;;;;-1;NotInformative
000NTC;vanRC;0;0;1;1;;;;;;-1;NotInformative
GENO;vanRC;0;0;2;2;;;;;;-1;NotInformative
7;vanRC4;0;0;3;3;;;;;;-1;NotInformative
8;vanRC4;0;0;3;3;;;;;;-1;NotInformative
9;vanRC4;0;0;3;3;;;;;;-1;NotInformative
000NTC;vanRC4;0;0;1;1;;;;;;-1;NotInformative
GENO;vanRC4;0;0;2;2;;;;;;-1;NotInformative
7;vanRD;0;0;3;3;;;;;;-1;NotInformative
8;vanRD;0;0;3;3;;;;;;-1;NotInformative
9;vanRD;0;0;3;3;;;;;;-1;NotInformative
000NTC;vanRD;0;0;1;1;;;;;;-1;NotInformative
GENO;vanRD;0;0;2;2;;;;;;-1;NotInformative
7;vanSC;2;0;1;3;36.4;1.37;86.7;5.1;1.9;-1;
8;vanSC;1;0;2;3;41.62;;92.01;;1.61;-1;MultipleMeltPeaks
9;vanSC;2;0;1;3;40.4;0.79;87.22;6.8;1.82;-1;
000NTC;vanSC;0;0;1;1;;;;;;-1;NotInformative
GENO;vanSC;0;0;2;2;;;;;;-1;NotInformative
7;vanTE;0;0;3;3;;;;;;-1;NotInformative
8;vanTE;0;0;3;3;;;;;;-1;NotInformative
9;vanTE;0;0;3;3;;;;;;-1;NotInformative
000NTC;vanTE;0;0;1;1;;;;;;-1;NotInformative
GENO;vanTE;0;0;2;2;;;;;;-1;NotInformative
7;vanTC;1;0;2;3;27.6;;90.8;;1.88;-1;MultipleMeltPeaks
8;vanTC;3;0;0;3;28.63;0.84;89.65;1.04;1.98;-1;
9;vanTC;2;0;1;3;28.02;0.24;90.45;1.48;1.93;-1;MultipleMeltPeaks
000NTC;vanTC;0;0;1;1;;;;;;-1;NotInformative
GENO;vanTC;0;0;2;2;;;;;;-1;NotInformative
7;vanTG;0;0;3;3;;;;;;-1;NotInformative
8;vanTG;0;0;3;3;;;;;;-1;NotInformative
9;vanTG;0;0;3;3;;;;;;-1;NotInformative
000NTC;vanTG;0;0;1;1;;;;;;-1;NotInformative
GENO;vanTG;0;0;2;2;;;;;;-1;NotInformative
7;vanYB;1;0;2;3;38.17;;87.41;;1.84;-1;MultipleMeltPeaks
8;vanYB;3;0;0;3;38.84;2.54;87.24;2.81;1.82;-1;
9;vanYB;0;0;3;3;;;;;;-1;MultipleMeltPeaks, NotInformative
000NTC;vanYB;0;0;1;1;;;;;;-1;NotInformative
GENO;vanYB;0;0;2;2;;;;;;-1;NotInformative
7;vanYD;0;0;3;3;;;;;;-1;NotInformative
8;vanYD;0;0;3;3;;;;;;-1;NotInformative
9;vanYD;0;0;3;3;;;;;;-1;NotInformative
000NTC;vanYD;0;0;1;1;;;;;;-1;MultipleMeltPeaks, NotInformative
GENO;vanYD;0;0;2;2;;;;;;-1;NotInformative
7;vanG;0;0;3;3;;;;;;-1;MultipleMeltPeaks, NotInformative
8;vanG;1;0;2;3;34.42;;86.73;;1.97;-1;
9;vanG;1;0;2;3;41.5;;90.38;;1.81;-1;
000NTC;vanG;0;0;1;1;;;;;;-1;NotInformative
GENO;vanG;0;0;2;2;;;;;;-1;NotInformative
7;vanC2/vanC3;1;0;2;3;38.01;;88.39;;1.98;-1;MultipleMeltPeaks
8;vanC2/vanC3;1;0;2;3;34.42;;88.62;;2.02;-1;MultipleMeltPeaks
9;vanC2/vanC3;3;0;0;3;34.68;3.4;86.87;6.16;1.91;-1;
000NTC;vanC2/vanC3;0;0;1;1;;;;;;-1;NotInformative
GENO;vanC2/vanC3;0;0;2;2;;;;;;-1;NotInformative
7;vanA;2;0;1;3;28.3;0.09;89.59;0.38;1.96;-1;MultipleMeltPeaks
8;vanA;2;0;1;3;26.99;0.21;89.83;0.46;1.96;-1;MultipleMeltPeaks
9;vanA;2;0;1;3;28.52;1;89.11;0.77;1.85;-1;MultipleMeltPeaks
000NTC;vanA;0;0;1;1;;;;;;-1;NotInformative
GENO;vanA;2;0;0;2;40.95;1.15;78.39;0.93;1.94;-1;
7;vanXA;0;0;3;3;;;;;;-1;NotInformative
8;vanXA;0;0;3;3;;;;;;-1;NotInformative
9;vanXA;0;0;3;3;;;;;;-1;NotInformative
000NTC;vanXA;0;0;1;1;;;;;;-1;NotInformative
GENO;vanXA;1;0;1;2;43.37;;75.83;;1.62;-1;
7;vanSB;0;0;3;3;;;;;;-1;NotInformative
8;vanSB;0;0;3;3;;;;;;-1;NotInformative
9;vanSB;0;0;3;3;;;;;;-1;NotInformative
000NTC;vanSB;0;0;1;1;;;;;;-1;NotInformative
GENO;vanSB;0;0;2;2;;;;;;-1;NotInformative
7;16S old 1;3;0;0;3;13.83;0.03;82.46;0.02;1.9;-1;
8;16S old 1;3;0;0;3;13.53;0.07;82.44;0.05;1.89;-1;
9;16S old 1;3;0;0;3;14.04;0.2;82.65;0.12;1.88;-1;
000NTC;16S old 1;1;0;0;1;32.66;;81.74;;1.87;-1;
GENO;16S old 1;2;0;0;2;29.01;0.34;81.63;0.47;1.86;-1;
7;16S new 2;3;0;0;3;12.93;0.05;85.15;0.04;2.02;-1;
8;16S new 2;3;0;0;3;12.66;0.09;85.08;0.07;2.03;-1;
9;16S new 2;3;0;0;3;13.28;0.09;84.73;0.01;1.95;-1;
000NTC;16S new 2;0;0;1;1;;;;;;-1;MultipleMeltPeaks, NotInformative
GENO;16S new 2;0;0;2;2;;;;;;-1;NotInformative
7;cfiA;0;0;3;3;;;;;;-1;NotInformative
8;cfiA;1;0;2;3;38.08;;88.13;;1.79;-1;
9;cfiA;1;0;2;3;40.7;;92.4;;1.83;-1;
000NTC;cfiA;0;0;1;1;;;;;;-1;NotInformative
GENO;cfiA;0;0;2;2;;;;;;-1;NotInformative
7;blaACC-1;0;0;3;3;;;;;;-1;NotInformative
8;blaACC-1;0;0;3;3;;;;;;-1;NotInformative
9;blaACC-1;0;0;3;3;;;;;;-1;NotInformative
000NTC;blaACC-1;0;0;1;1;;;;;;-1;NotInformative
GENO;blaACC-1;0;0;2;2;;;;;;-1;NotInformative
7;blaMOX/blaCMY;0;0;3;3;;;;;;-1;NotInformative
8;blaMOX/blaCMY;0;0;3;3;;;;;;-1;NotInformative
9;blaMOX/blaCMY;1;0;2;3;38.5;;90.63;;1.8;-1;MultipleMeltPeaks
000NTC;blaMOX/blaCMY;0;0;1;1;;;;;;-1;NotInformative
GENO;blaMOX/blaCMY;0;0;2;2;;;;;;-1;NotInformative
7;blaOCH;0;0;3;3;;;;;;-1;NotInformative
8;blaOCH;1;0;2;3;38.13;;88.02;;1.67;-1;
9;blaOCH;0;0;3;3;;;;;;-1;NotInformative
000NTC;blaOCH;0;0;1;1;;;;;;-1;NotInformative
GENO;blaOCH;0;0;2;2;;;;;;-1;NotInformative
7;blaPAO/PDC;0;0;3;3;;;;;;-1;NotInformative
8;blaPAO/PDC;1;0;2;3;37.28;;91.01;;1.78;-1;
9;blaPAO/PDC;2;0;1;3;38.48;0.02;91.35;0.91;1.72;-1;MultipleMeltPeaks
000NTC;blaPAO/PDC;0;0;1;1;;;;;;-1;NotInformative
GENO;blaPAO/PDC;0;0;2;2;;;;;;-1;NotInformative
7;blaVEB;0;0;3;3;;;;;;-1;NotInformative
8;blaVEB;0;0;3;3;;;;;;-1;NotInformative
9;blaVEB;0;0;3;3;;;;;;-1;NotInformative
000NTC;blaVEB;0;0;1;1;;;;;;-1;NotInformative
GENO;blaVEB;0;0;2;2;;;;;;-1;NotInformative
7;bla1;0;0;3;3;;;;;;-1;NotInformative
8;bla1;0;0;3;3;;;;;;-1;NotInformative
9;bla1;0;0;3;3;;;;;;-1;NotInformative
000NTC;bla1;0;0;1;1;;;;;;-1;NotInformative
GENO;bla1;0;0;2;2;;;;;;-1;NotInformative
7;blaROB;0;0;3;3;;;;;;-1;NotInformative
8;blaROB;0;0;3;3;;;;;;-1;NotInformative
9;blaROB;0;0;3;3;;;;;;-1;MultipleMeltPeaks, NotInformative
000NTC;blaROB;0;0;1;1;;;;;;-1;NotInformative
GENO;blaROB;0;0;2;2;;;;;;-1;NotInformative
7;blaOXY-2;3;0;0;3;29.39;0.22;91.66;0.33;1.85;-1;
8;blaOXY-2;1;0;2;3;30.14;;92.28;;1.86;-1;MultipleMeltPeaks
9;blaOXY-2;3;0;0;3;33.11;2.92;91.39;0.53;1.81;-1;
000NTC;blaOXY-2;0;0;1;1;;;;;;-1;NotInformative
GENO;blaOXY-2;0;0;2;2;;;;;;-1;NotInformative
7;blaPSE;0;0;3;3;;;;;;-1;NotInformative
8;blaPSE;0;0;3;3;;;;;;-1;NotInformative
9;blaPSE;0;0;3;3;;;;;;-1;NotInformative
000NTC;blaPSE;0;0;1;1;;;;;;-1;NotInformative
GENO;blaPSE;0;0;2;2;;;;;;-1;NotInformative
7;cphA;1;0;2;3;24.29;;89.74;;1.86;-1;MultipleMeltPeaks
8;cphA;1;0;2;3;25.35;;90.5;;1.88;-1;MultipleMeltPeaks
9;cphA;3;0;0;3;26.76;0.74;90.16;0.17;1.93;-1;
000NTC;cphA;0;0;1;1;;;;;;-1;NotInformative
GENO;cphA;0;0;2;2;;;;;;-1;NotInformative
7;bla-L1;1;0;2;3;42.71;;87.7;;1.87;-1;
8;bla-L1;2;0;1;3;35.32;5.53;84.41;6.83;1.84;-1;
9;bla-L1;0;0;3;3;;;;;;-1;NotInformative
000NTC;bla-L1;0;0;1;1;;;;;;-1;NotInformative
GENO;bla-L1;0;0;2;2;;;;;;-1;NotInformative
7;cfxA;0;0;3;3;;;;;;-1;MultipleMeltPeaks, NotInformative
8;cfxA;0;0;3;3;;;;;;-1;NotInformative
9;cfxA;1;0;2;3;34.49;;75.15;;1.92;-1;
000NTC;cfxA;0;0;1;1;;;;;;-1;NotInformative
GENO;cfxA;0;0;2;2;;;;;;-1;NotInformative
7;cepA;0;0;3;3;;;;;;-1;NotInformative
8;cepA;0;0;3;3;;;;;;-1;NotInformative
9;cepA;0;0;3;3;;;;;;-1;NotInformative
000NTC;cepA;0;0;1;1;;;;;;-1;NotInformative
GENO;cepA;0;0;2;2;;;;;;-1;NotInformative
7;blaCMY;0;0;3;3;;;;;;-1;MultipleMeltPeaks, NotInformative
8;blaCMY;1;0;2;3;42.05;;76.57;;1.89;-1;MultipleMeltPeaks
9;blaCMY;0;0;3;3;;;;;;-1;NotInformative
000NTC;blaCMY;0;0;1;1;;;;;;-1;NotInformative
GENO;blaCMY;0;0;2;2;;;;;;-1;NotInformative
7;ampC/blaDHA;1;0;2;3;30.49;;84.47;;1.85;-1;MultipleMeltPeaks
8;ampC/blaDHA;1;0;2;3;33.37;;91.01;;1.88;-1;MultipleMeltPeaks
9;ampC/blaDHA;2;1;0;3;29.75;0.39;86.25;2.49;1.85;-1;ContainsOutlierReplicateCt
000NTC;ampC/blaDHA;0;0;1;1;;;;;;-1;NotInformative
GENO;ampC/blaDHA;0;0;2;2;;;;;;-1;NotInformative
7;blaGES;0;0;3;3;;;;;;-1;NotInformative
8;blaGES;0;0;3;3;;;;;;-1;NotInformative
9;blaGES;0;0;3;3;;;;;;-1;NotInformative
000NTC;blaGES;0;0;1;1;;;;;;-1;NotInformative
GENO;blaGES;0;0;2;2;;;;;;-1;NotInformative
7;blaSFO;2;0;1;3;26.54;1;89.96;1.2;1.67;-1;MultipleMeltPeaks
8;blaSFO;0;0;3;3;;;;;;-1;MultipleMeltPeaks, NotInformative
9;blaSFO;1;0;2;3;28.89;;89.91;;1.86;-1;MultipleMeltPeaks
000NTC;blaSFO;0;0;1;1;;;;;;-1;NotInformative
GENO;blaSFO;0;0;2;2;;;;;;-1;NotInformative
7;blaTLA;0;0;3;3;;;;;;-1;NotInformative
8;blaTLA;0;0;3;3;;;;;;-1;NotInformative
9;blaTLA;0;0;3;3;;;;;;-1;NotInformative
000NTC;blaTLA;0;0;1;1;;;;;;-1;NotInformative
GENO;blaTLA;0;0;2;2;;;;;;-1;NotInformative
7;blaZ;0;0;3;3;;;;;;-1;NotInformative
8;blaZ;0;0;3;3;;;;;;-1;NotInformative
9;blaZ;0;0;3;3;;;;;;-1;NotInformative
000NTC;blaZ;0;0;1;1;;;;;;-1;NotInformative
GENO;blaZ;0;0;2;2;;;;;;-1;NotInformative
7;blaVIM;0;0;3;3;;;;;;-1;NotInformative
8;blaVIM;0;0;3;3;;;;;;-1;NotInformative
9;blaVIM;1;0;2;3;39.84;;88.45;;1.72;-1;
000NTC;blaVIM;0;0;1;1;;;;;;-1;NotInformative
GENO;blaVIM;0;0;2;2;;;;;;-1;NotInformative
7;Pbp5;0;0;3;3;;;;;;-1;NotInformative
8;Pbp5;0;0;3;3;;;;;;-1;NotInformative
9;Pbp5;0;0;3;3;;;;;;-1;NotInformative
000NTC;Pbp5;0;0;1;1;;;;;;-1;NotInformative
GENO;Pbp5;0;0;2;2;;;;;;-1;NotInformative
7;pbp;0;0;3;3;;;;;;-1;NotInformative
8;pbp;0;0;3;3;;;;;;-1;NotInformative
9;pbp;1;0;2;3;38.29;;85.82;;1.66;-1;
000NTC;pbp;0;0;1;1;;;;;;-1;NotInformative
GENO;pbp;0;0;2;2;;;;;;-1;NotInformative
7;mecA;0;0;3;3;;;;;;-1;NotInformative
8;mecA;0;0;3;3;;;;;;-1;NotInformative
9;mecA;0;0;3;3;;;;;;-1;NotInformative
000NTC;mecA;0;0;1;1;;;;;;-1;NotInformative
GENO;mecA;0;0;2;2;;;;;;-1;NotInformative
7;blaCTX-M;0;0;3;3;;;;;;-1;NotInformative
8;blaCTX-M;1;0;2;3;41.19;;74.75;;1.84;-1;
9;blaCTX-M;2;0;1;3;38.15;1.58;82.33;7.88;1.8;-1;MultipleMeltPeaks
000NTC;blaCTX-M;1;0;0;1;33.71;;77.02;;1.85;-1;
GENO;blaCTX-M;0;0;2;2;;;;;;-1;NotInformative
7;penA;3;0;0;3;30.64;1.14;90.89;0.65;1.91;-1;
8;penA;2;0;1;3;32.63;1.71;91.55;0.36;1.87;-1;MultipleMeltPeaks
9;penA;3;0;0;3;32.63;0.91;90.75;0.22;1.9;-1;
000NTC;penA;0;0;1;1;;;;;;-1;NotInformative
GENO;penA;0;0;2;2;;;;;;-1;NotInformative
7;imp-marko;0;0;3;3;;;;;;-1;NotInformative
8;imp-marko;0;0;3;3;;;;;;-1;NotInformative
9;imp-marko;0;0;3;3;;;;;;-1;NotInformative
000NTC;imp-marko;0;0;1;1;;;;;;-1;NotInformative
GENO;imp-marko;0;0;2;2;;;;;;-1;NotInformative
7;NDM new;0;0;3;3;;;;;;-1;MultipleMeltPeaks, NotInformative
8;NDM new;1;0;2;3;33.1;;89.14;;1.8;-1;MultipleMeltPeaks
9;NDM new;0;0;3;3;;;;;;-1;MultipleMeltPeaks, NotInformative
000NTC;NDM new;0;0;1;1;;;;;;-1;NotInformative
GENO;NDM new;0;0;2;2;;;;;;-1;NotInformative
7;blaCTX-M-1,3,15;2;0;1;3;36.49;5;82.03;0.68;1.88;-1;
8;blaCTX-M-1,3,15;0;0;3;3;;;;;;-1;MultipleMeltPeaks, NotInformative
9;blaCTX-M-1,3,15;2;0;1;3;37.26;4.84;85.44;0.34;1.83;-1;MultipleMeltPeaks
000NTC;blaCTX-M-1,3,15;0;0;1;1;;;;;;-1;NotInformative
GENO;blaCTX-M-1,3,15;0;0;2;2;;;;;;-1;NotInformative
7;blaSHV-11;2;0;1;3;37.77;2.02;89.89;0.04;1.96;-1;MultipleMeltPeaks
8;blaSHV-11;2;0;1;3;35.02;0.34;89.96;0.01;1.88;-1;MultipleMeltPeaks
9;blaSHV-11;3;0;0;3;37.46;3.19;90.25;0.16;1.92;-1;
000NTC;blaSHV-11;0;0;1;1;;;;;;-1;NotInformative
GENO;blaSHV-11;0;0;2;2;;;;;;-1;NotInformative
7;bla-SME;0;0;3;3;;;;;;-1;NotInformative
8;bla-SME;0;0;3;3;;;;;;-1;NotInformative
9;bla-SME;0;0;3;3;;;;;;-1;NotInformative
000NTC;bla-SME;0;0;1;1;;;;;;-1;NotInformative
GENO;bla-SME;0;0;2;2;;;;;;-1;NotInformative
7;blaFOXnew;1;0;2;3;33.02;;90.43;;1.82;-1;MultipleMeltPeaks
8;blaFOXnew;3;0;0;3;34.02;1;90.68;0.75;1.84;-1;
9;blaFOXnew;3;0;0;3;33.44;0.48;90.78;0.18;1.83;-1;
000NTC;blaFOXnew;0;0;1;1;;;;;;-1;NotInformative
GENO;blaFOXnew;0;0;2;2;;;;;;-1;NotInformative
7;ampC;2;0;1;3;35.56;2.4;89.19;2.7;1.82;-1;MultipleMeltPeaks
8;ampC;2;0;1;3;36.68;1.84;90.52;0.92;1.79;-1;MultipleMeltPeaks
9;ampC;0;0;3;3;;;;;;-1;MultipleMeltPeaks, NotInformative
000NTC;ampC;0;0;1;1;;;;;;-1;NotInformative
GENO;ampC;0;0;2;2;;;;;;-1;NotInformative
7;blaOXA10;1;0;2;3;39.22;;77.27;;1.93;-1;
8;blaOXA10;1;0;2;3;39.91;;88.31;;1.88;-1;
9;blaOXA10;0;0;3;3;;;;;;-1;NotInformative
000NTC;blaOXA10;0;0;1;1;;;;;;-1;NotInformative
GENO;blaOXA10;0;0;2;2;;;;;;-1;NotInformative
7;blaIMIR;0;0;3;3;;;;;;-1;MultipleMeltPeaks, NotInformative
8;blaIMIR;1;0;2;3;40.98;;91.68;;1.84;-1;
9;blaIMIR;0;0;3;3;;;;;;-1;NotInformative
000NTC;blaIMIR;0;0;1;1;;;;;;-1;NotInformative
GENO;blaIMIR;0;0;2;2;;;;;;-1;NotInformative
7;blaTEM;0;0;3;3;;;;;;-1;NotInformative
8;blaTEM;2;0;1;3;32.09;1.48;82.23;0.02;1.69;-1;
9;blaTEM;0;0;3;3;;;;;;-1;NotInformative
000NTC;blaTEM;0;0;1;1;;;;;;-1;NotInformative
GENO;blaTEM;0;0;2;2;;;;;;-1;NotInformative
7;blaPER;0;0;3;3;;;;;;-1;NotInformative
8;blaPER;0;0;3;3;;;;;;-1;NotInformative
9;blaPER;0;0;3;3;;;;;;-1;NotInformative
000NTC;blaPER;0;0;1;1;;;;;;-1;NotInformative
GENO;blaPER;0;0;2;2;;;;;;-1;NotInformative
7;KPC;0;0;3;3;;;;;;-1;MultipleMeltPeaks, NotInformative
8;KPC;1;0;2;3;35.12;;80.73;;1.83;-1;
9;KPC;0;0;3;3;;;;;;-1;NotInformative
000NTC;KPC;0;0;1;1;;;;;;-1;NotInformative
GENO;KPC;0;0;2;2;;;;;;-1;NotInformative
7;beta_ccra;0;0;3;3;;;;;;-1;NotInformative
8;beta_ccra;1;0;2;3;39.78;;87.95;;1.85;-1;
9;beta_ccra;0;0;3;3;;;;;;-1;NotInformative
000NTC;beta_ccra;0;0;1;1;;;;;;-1;NotInformative
GENO;beta_ccra;0;0;2;2;;;;;;-1;NotInformative
7;cefa_ampc;0;0;3;3;;;;;;-1;NotInformative
8;cefa_ampc;1;0;2;3;36.47;;89.69;;1.88;-1;MultipleMeltPeaks
9;cefa_ampc;0;0;3;3;;;;;;-1;MultipleMeltPeaks, NotInformative
000NTC;cefa_ampc;0;0;1;1;;;;;;-1;NotInformative
GENO;cefa_ampc;0;0;2;2;;;;;;-1;NotInformative
7;bl1acc;0;0;3;3;;;;;;-1;NotInformative
8;bl1acc;0;0;3;3;;;;;;-1;NotInformative
9;bl1acc;0;0;3;3;;;;;;-1;NotInformative
000NTC;bl1acc;0;0;1;1;;;;;;-1;NotInformative
GENO;bl1acc;0;0;2;2;;;;;;-1;NotInformative
7;bl3_cpha;0;0;3;3;;;;;;-1;NotInformative
8;bl3_cpha;0;0;3;3;;;;;;-1;NotInformative
9;bl3_cpha;0;0;3;3;;;;;;-1;NotInformative
000NTC;bl3_cpha;0;0;1;1;;;;;;-1;NotInformative
GENO;bl3_cpha;0;0;2;2;;;;;;-1;NotInformative
7;blaB-11,13,14;0;0;3;3;;;;;;-1;NotInformative
8;blaB-11,13,14;0;0;3;3;;;;;;-1;NotInformative
9;blaB-11,13,14;0;0;3;3;;;;;;-1;NotInformative
000NTC;blaB-11,13,14;0;0;1;1;;;;;;-1;NotInformative
GENO;blaB-11,13,14;0;0;2;2;;;;;;-1;NotInformative
7;blaIND;0;0;3;3;;;;;;-1;NotInformative
8;blaIND;0;0;3;3;;;;;;-1;MultipleMeltPeaks, NotInformative
9;blaIND;1;0;2;3;39.71;;75.13;;1.88;-1;
000NTC;blaIND;0;0;1;1;;;;;;-1;NotInformative
GENO;blaIND;0;0;2;2;;;;;;-1;NotInformative
7;blaLEN;0;0;3;3;;;;;;-1;NotInformative
8;blaLEN;0;0;3;3;;;;;;-1;NotInformative
9;blaLEN;1;0;2;3;36.22;;90.72;;1.76;-1;MultipleMeltPeaks
000NTC;blaLEN;0;0;1;1;;;;;;-1;NotInformative
GENO;blaLEN;0;0;2;2;;;;;;-1;NotInformative
7;blaOXY-1;2;0;1;3;26.72;0.57;89.35;0.05;1.96;-1;MultipleMeltPeaks
8;blaOXY-1;2;0;1;3;26.49;0.35;89.06;0.09;1.89;-1;MultipleMeltPeaks
9;blaOXY-1;3;0;0;3;26.41;0.09;88.86;0.51;1.95;-1;
000NTC;blaOXY-1;1;0;0;1;28.49;;77.29;;1.76;-1;
GENO;blaOXY-1;2;0;0;2;29.48;0.5;77.53;0.07;1.81;-1;
7;blaCARB;1;0;2;3;42.12;;88.77;;1.79;-1;MultipleMeltPeaks
8;blaCARB;1;0;2;3;38.44;;88.76;;1.93;-1;MultipleMeltPeaks
9;blaCARB;3;0;0;3;35.22;1.45;86.42;2.67;1.91;-1;
000NTC;blaCARB;0;0;1;1;;;;;;-1;NotInformative
GENO;blaCARB;0;0;2;2;;;;;;-1;NotInformative
7;blaGOB;0;0;3;3;;;;;;-1;NotInformative
8;blaGOB;3;0;0;3;39.67;2.01;85.91;6.63;1.77;-1;
9;blaGOB;1;0;2;3;37.08;;77.1;;1.78;-1;
000NTC;blaGOB;1;0;0;1;39.14;;76.34;;1.89;-1;
GENO;blaGOB;0;0;2;2;;;;;;-1;NotInformative
7;blaHERA;0;0;3;3;;;;;;-1;NotInformative
8;blaHERA;0;0;3;3;;;;;;-1;NotInformative
9;blaHERA;0;0;3;3;;;;;;-1;NotInformative
000NTC;blaHERA;0;0;1;1;;;;;;-1;NotInformative
GENO;blaHERA;0;0;2;2;;;;;;-1;NotInformative
7;blaMIR;3;0;0;3;28.17;0.29;91.01;0.23;1.92;-1;
8;blaMIR;3;0;0;3;27.72;0.58;90.82;0.03;1.9;-1;
9;blaMIR;3;0;0;3;27.57;0.99;91.3;0.24;1.97;-1;
000NTC;blaMIR;0;0;1;1;;;;;;-1;NotInformative
GENO;blaMIR;0;0;2;2;;;;;;-1;NotInformative
7;nonmobile_blaADC;0;0;3;3;;;;;;-1;NotInformative
8;nonmobile_blaADC;0;0;3;3;;;;;;-1;NotInformative
9;nonmobile_blaADC;1;0;2;3;41.77;;80;;1.87;-1;
000NTC;nonmobile_blaADC;0;0;1;1;;;;;;-1;NotInformative
GENO;nonmobile_blaADC;0;0;2;2;;;;;;-1;NotInformative
7;nonmobile blaBEL;3;0;0;3;28.96;0.45;77.92;0.27;1.86;-1;
8;nonmobile blaBEL;3;0;0;3;29.43;1.02;78.56;0.9;1.86;-1;
9;nonmobile blaBEL;3;0;0;3;28.63;0.73;78.49;0.16;1.87;-1;
000NTC;nonmobile blaBEL;1;0;0;1;27.72;;77.76;;1.88;-1;
GENO;nonmobile blaBEL;2;0;0;2;27.36;0.33;77.94;0.05;1.82;-1;
7;blaIMI;3;0;0;3;36.35;2.51;86.41;0.54;1.83;-1;
8;blaIMI;2;1;0;3;32.64;0.14;85.95;1.16;1.93;-1;ContainsOutlierReplicateCt
9;blaIMI;2;0;1;3;36.01;0.88;88.6;2.5;1.93;-1;MultipleMeltPeaks
000NTC;blaIMI;0;0;1;1;;;;;;-1;NotInformative
GENO;blaIMI;2;0;0;2;36.47;0.88;77.07;0.36;1.86;-1;
7;bla-ACT;3;0;0;3;28.28;0.47;91.05;0.21;1.97;-1;
8;bla-ACT;3;0;0;3;28.56;0.43;90.7;0.17;1.94;-1;
9;bla-ACT;2;0;1;3;27.61;0.01;91.61;0.05;1.94;-1;MultipleMeltPeaks
000NTC;bla-ACT;1;0;0;1;42.04;;76.7;;1.87;-1;
GENO;bla-ACT;2;0;0;2;34.32;1.58;78.44;0.2;1.82;-1;
7;acrB;0;0;3;3;;;;;;-1;NotInformative
8;acrB;0;0;3;3;;;;;;-1;NotInformative
9;acrB;2;0;1;3;32.52;7.96;83.1;5.64;1.89;-1;MultipleMeltPeaks
000NTC;acrB;0;0;1;1;;;;;;-1;NotInformative
GENO;acrB;1;0;1;2;34.52;;85.26;;1.59;-1;MultipleMeltPeaks
7;acrF;2;0;1;3;30.37;1.37;90.55;0.32;1.89;-1;MultipleMeltPeaks
8;acrF;3;0;0;3;31.1;1.48;90.88;0.32;1.89;-1;
9;acrF;3;0;0;3;26.57;0.53;89.44;0.49;1.95;-1;
000NTC;acrF;1;0;0;1;40.17;;87.56;;1.78;-1;
GENO;acrF;1;0;1;2;31.38;;89.26;;1.76;-1;
7;adeA;0;0;3;3;;;;;;-1;NotInformative
8;adeA;0;0;3;3;;;;;;-1;NotInformative
9;adeA;0;0;3;3;;;;;;-1;NotInformative
000NTC;adeA;0;0;1;1;;;;;;-1;NotInformative
GENO;adeA;0;0;2;2;;;;;;-1;NotInformative
7;multidrug resistance;0;0;3;3;;;;;;-1;NotInformative
8;multidrug resistance;0;0;3;3;;;;;;-1;NotInformative
9;multidrug resistance;0;0;3;3;;;;;;-1;NotInformative
000NTC;multidrug resistance;0;0;1;1;;;;;;-1;NotInformative
GENO;multidrug resistance;0;0;2;2;;;;;;-1;NotInformative
7;cmr;0;0;3;3;;;;;;-1;NotInformative
8;cmr;0;0;3;3;;;;;;-1;NotInformative
9;cmr;0;0;3;3;;;;;;-1;NotInformative
000NTC;cmr;0;0;1;1;;;;;;-1;NotInformative
GENO;cmr;0;0;2;2;;;;;;-1;NotInformative
7;acrA;3;0;0;3;33.61;0.66;89.19;1.62;1.89;-1;
8;acrA;3;0;0;3;32.64;0.68;89.69;1.9;1.82;-1;
9;acrA;1;0;2;3;33.74;;88.34;;1.93;-1;MultipleMeltPeaks
000NTC;acrA;0;0;1;1;;;;;;-1;NotInformative
GENO;acrA;0;0;2;2;;;;;;-1;NotInformative
7;emrD;2;0;1;3;33.78;1.67;90.45;2.5;1.84;-1;MultipleMeltPeaks
8;emrD;0;0;3;3;;;;;;-1;MultipleMeltPeaks, NotInformative
9;emrD;3;0;0;3;35.82;3.05;90.65;1.16;1.8;-1;
000NTC;emrD;0;0;1;1;;;;;;-1;NotInformative
GENO;emrD;0;0;2;2;;;;;;-1;NotInformative
7;mdtE/yhiU;2;1;0;3;35.17;0.03;89.76;1.57;1.82;-1;ContainsOutlierReplicateCt
8;mdtE/yhiU;3;0;0;3;35.58;1.49;90.78;0.21;1.71;-1;
9;mdtE/yhiU;2;0;1;3;31.82;1.58;87.89;4.03;1.87;-1;MultipleMeltPeaks
000NTC;mdtE/yhiU;0;0;1;1;;;;;;-1;NotInformative
GENO;mdtE/yhiU;0;0;2;2;;;;;;-1;NotInformative
7;mexA;0;0;3;3;;;;;;-1;MultipleMeltPeaks, NotInformative
8;mexA;0;0;3;3;;;;;;-1;MultipleMeltPeaks, NotInformative
9;mexA;2;0;1;3;36.04;4.19;89.38;0.25;1.81;-1;MultipleMeltPeaks
000NTC;mexA;0;0;1;1;;;;;;-1;NotInformative
GENO;mexA;0;0;2;2;;;;;;-1;NotInformative
7;acrR;3;0;0;3;32.82;1.03;92.17;1.82;1.88;-1;
8;acrR;1;0;2;3;34.68;;92.72;;1.87;-1;MultipleMeltPeaks
9;acrR;3;0;0;3;31.56;0.89;91.71;1.12;1.91;-1;
000NTC;acrR;0;0;1;1;;;;;;-1;NotInformative
GENO;acrR;0;0;2;2;;;;;;-1;NotInformative
7;qacF/Ha;0;0;3;3;;;;;;-1;NotInformative
8;qacF/Ha;0;0;3;3;;;;;;-1;NotInformative
9;qacF/Ha;0;0;3;3;;;;;;-1;NotInformative
000NTC;qacF/Ha;0;0;1;1;;;;;;-1;NotInformative
GENO;qacF/Ha;0;0;2;2;;;;;;-1;NotInformative
7;nimE;1;0;2;3;35.33;;76.43;;1.77;-1;
8;nimE;1;0;2;3;41.47;;75.39;;1.86;-1;
9;nimE;0;0;3;3;;;;;;-1;NotInformative
000NTC;nimE;0;0;1;1;;;;;;-1;NotInformative
GENO;nimE;1;0;1;2;33.2;;76.44;;1.79;-1;
7;emrB/qacA;0;0;3;3;;;;;;-1;NotInformative
8;emrB/qacA;0;0;3;3;;;;;;-1;NotInformative
9;emrB/qacA;0;0;3;3;;;;;;-1;NotInformative
000NTC;emrB/qacA;0;0;1;1;;;;;;-1;NotInformative
GENO;emrB/qacA;0;0;2;2;;;;;;-1;NotInformative
7;mtrE;0;0;3;3;;;;;;-1;NotInformative
8;mtrE;1;0;2;3;42.59;;75.21;;1.86;-1;
9;mtrE;0;0;3;3;;;;;;-1;NotInformative
000NTC;mtrE;0;0;1;1;;;;;;-1;NotInformative
GENO;mtrE;0;0;2;2;;;;;;-1;NotInformative
7;oprD;3;0;0;3;25.76;0.25;89.62;0.3;1.94;-1;
8;oprD;3;0;0;3;26;0.53;89.96;0.24;2.01;-1;
9;oprD;3;0;0;3;26.17;0.67;89.61;0.67;2;-1;
000NTC;oprD;0;0;1;1;;;;;;-1;NotInformative
GENO;oprD;0;0;2;2;;;;;;-1;NotInformative
7;ttgA;2;0;1;3;40.74;1.46;85.73;0.15;1.86;-1;
8;ttgA;0;0;3;3;;;;;;-1;NotInformative
9;ttgA;1;0;2;3;34.87;;86.03;;1.75;-1;
000NTC;ttgA;0;0;1;1;;;;;;-1;NotInformative
GENO;ttgA;0;0;2;2;;;;;;-1;NotInformative
7;ttgB;2;0;1;3;34.46;1.76;89.29;0.33;1.85;-1;MultipleMeltPeaks
8;ttgB;2;0;1;3;37.71;1.85;88.33;4.48;1.88;-1;MultipleMeltPeaks
9;ttgB;0;0;3;3;;;;;;-1;MultipleMeltPeaks, NotInformative
000NTC;ttgB;0;0;1;1;;;;;;-1;NotInformative
GENO;ttgB;0;0;2;2;;;;;;-1;NotInformative
7;mepA;3;0;0;3;32.17;2.22;88.99;1.12;1.92;-1;
8;mepA;3;0;0;3;30.46;0.41;88.77;0.31;1.87;-1;
9;mepA;2;0;1;3;34.68;6.88;89.44;0.27;1.92;-1;MultipleMeltPeaks
000NTC;mepA;0;0;1;1;;;;;;-1;NotInformative
GENO;mepA;0;0;2;2;;;;;;-1;NotInformative
7;mexE;3;0;0;3;31.16;1.29;92.06;0.05;1.89;-1;
8;mexE;2;0;1;3;30.9;0.03;92.13;0.16;1.89;-1;MultipleMeltPeaks
9;mexE;3;0;0;3;29.5;0.81;90.46;0.99;1.88;-1;
000NTC;mexE;0;0;1;1;;;;;;-1;NotInformative
GENO;mexE;0;0;2;2;;;;;;-1;NotInformative
7;mtrD;2;0;1;3;39.54;0.39;83.73;8.48;1.85;-1;
8;mtrD;2;0;1;3;40.56;1.24;87.62;1.87;1.83;-1;
9;mtrD;3;0;0;3;39.16;1;86.33;0.05;1.83;-1;
000NTC;mtrD;0;0;1;1;;;;;;-1;NotInformative
GENO;mtrD;0;0;2;2;;;;;;-1;NotInformative
7;tolC;1;0;2;3;32.34;;90.32;;1.86;-1;MultipleMeltPeaks
8;tolC;1;0;2;3;30.64;;90.83;;1.77;-1;MultipleMeltPeaks
9;tolC;3;0;0;3;32.56;1.77;91;0.29;1.81;-1;
000NTC;tolC;0;0;1;1;;;;;;-1;NotInformative
GENO;tolC;0;0;2;2;;;;;;-1;NotInformative
7;merA-marko;1;0;2;3;41.58;;90.38;;1.65;-1;
8;merA-marko;3;0;0;3;35.74;2.02;87.33;2.99;1.79;-1;
9;merA-marko;1;0;2;3;33.19;;85.03;;1.82;-1;MultipleMeltPeaks
000NTC;merA-marko;0;0;1;1;;;;;;-1;NotInformative
GENO;merA-marko;0;0;2;2;;;;;;-1;NotInformative
7;qacH_351;0;0;3;3;;;;;;-1;NotInformative
8;qacH_351;1;0;2;3;35.32;;86.25;;1.82;-1;
9;qacH_351;0;0;3;3;;;;;;-1;NotInformative
000NTC;qacH_351;0;0;1;1;;;;;;-1;NotInformative
GENO;qacH_351;0;0;2;2;;;;;;-1;NotInformative
7;marR;1;0;2;3;40.79;;86.69;;1.82;-1;
8;marR;0;0;3;3;;;;;;-1;NotInformative
9;marR;0;0;3;3;;;;;;-1;NotInformative
000NTC;marR;0;0;1;1;;;;;;-1;NotInformative
GENO;marR;0;0;2;2;;;;;;-1;NotInformative
7;mexB;3;0;0;3;25.38;0.62;91.38;0.11;1.91;-1;
8;mexB;2;1;0;3;25.83;4.88E-03;91.41;1.91E-03;1.91;-1;ContainsOutlierReplicateCt
9;mexB;3;0;0;3;28.55;0.61;91.25;0.35;1.89;-1;
000NTC;mexB;0;0;1;1;;;;;;-1;NotInformative
GENO;mexB;0;0;2;2;;;;;;-1;NotInformative
7;mdtg;3;0;0;3;24.97;0.32;90.27;0.4;1.99;-1;
8;mdtg;3;0;0;3;24.38;0.3;89.87;0.84;1.95;-1;
9;mdtg;2;1;0;3;24.61;0.11;91;0.25;1.99;-1;ContainsOutlierReplicateCt
000NTC;mdtg;0;0;1;1;;;;;;-1;NotInformative
GENO;mdtg;0;0;2;2;;;;;;-1;NotInformative
7;bexA/norM;0;0;3;3;;;;;;-1;MultipleMeltPeaks, NotInformative
8;bexA/norM;1;0;2;3;36.64;;83.34;;1.88;-1;MultipleMeltPeaks
9;bexA/norM;0;0;3;3;;;;;;-1;NotInformative
000NTC;bexA/norM;0;0;1;1;;;;;;-1;NotInformative
GENO;bexA/norM;0;0;2;2;;;;;;-1;NotInformative
7;mdtA;2;0;1;3;30.77;0.62;89.45;1.41;1.93;-1;MultipleMeltPeaks
8;mdtA;2;0;1;3;29.78;0.59;90.72;0.14;1.92;-1;MultipleMeltPeaks
9;mdtA;0;0;3;3;;;;;;-1;MultipleMeltPeaks, NotInformative
000NTC;mdtA;0;0;1;1;;;;;;-1;NotInformative
GENO;mdtA;0;0;2;2;;;;;;-1;NotInformative
7;adeI;0;0;3;3;;;;;;-1;NotInformative
8;adeI;0;0;3;3;;;;;;-1;NotInformative
9;adeI;0;0;3;3;;;;;;-1;NotInformative
000NTC;adeI;0;0;1;1;;;;;;-1;NotInformative
GENO;adeI;0;0;2;2;;;;;;-1;NotInformative
7;mdth;1;0;2;3;37.57;;78.35;;1.74;-1;MultipleMeltPeaks
8;mdth;0;0;3;3;;;;;;-1;MultipleMeltPeaks, NotInformative
9;mdth;2;0;1;3;36.09;0.27;84.49;5.08;1.84;-1;
000NTC;mdth;0;0;1;1;;;;;;-1;NotInformative
GENO;mdth;0;0;2;2;;;;;;-1;NotInformative
7;dfrA1;1;0;2;3;39.6;;86.45;;1.64;-1;
8;dfrA1;0;0;3;3;;;;;;-1;NotInformative
9;dfrA1;1;0;2;3;41.45;;86.61;;1.62;-1;
000NTC;dfrA1;0;0;1;1;;;;;;-1;NotInformative
GENO;dfrA1;0;0;2;2;;;;;;-1;NotInformative
7;dfrA12;2;0;1;3;39.4;1.75;83.22;0.02;1.73;-1;MultipleMeltPeaks
8;dfrA12;2;0;1;3;39.13;0.41;86.58;4.67;1.71;-1;MultipleMeltPeaks
9;dfrA12;1;0;2;3;38.67;;89.27;;1.71;-1;MultipleMeltPeaks
000NTC;dfrA12;0;0;1;1;;;;;;-1;NotInformative
GENO;dfrA12;0;0;2;2;;;;;;-1;NotInformative
7;nisB;2;0;1;3;37.99;1.07;76.51;0.05;1.81;-1;
8;nisB;1;0;2;3;29.86;;77.6;;1.85;-1;
9;nisB;0;0;3;3;;;;;;-1;NotInformative
000NTC;nisB;0;0;1;1;;;;;;-1;NotInformative
GENO;nisB;1;0;1;2;32.47;;75.17;;1.33;-1;
7;pmrA;0;0;3;3;;;;;;-1;NotInformative
8;pmrA;1;0;2;3;41.07;;77.46;;1.88;-1;
9;pmrA;0;0;3;3;;;;;;-1;NotInformative
000NTC;pmrA;0;0;1;1;;;;;;-1;NotInformative
GENO;pmrA;0;0;2;2;;;;;;-1;NotInformative
7;fosb;0;0;3;3;;;;;;-1;NotInformative
8;fosb;0;0;3;3;;;;;;-1;NotInformative
9;fosb;0;0;3;3;;;;;;-1;NotInformative
000NTC;fosb;0;0;1;1;;;;;;-1;NotInformative
GENO;fosb;0;0;2;2;;;;;;-1;NotInformative
7;fosX;0;0;3;3;;;;;;-1;NotInformative
8;fosX;1;0;2;3;31.62;;84.4;;1.91;-1;
9;fosX;0;0;3;3;;;;;;-1;NotInformative
000NTC;fosX;0;0;1;1;;;;;;-1;NotInformative
GENO;fosX;0;0;2;2;;;;;;-1;NotInformative
7;Arr2;0;0;3;3;;;;;;-1;NotInformative
8;Arr2;0;0;3;3;;;;;;-1;NotInformative
9;Arr2;0;0;3;3;;;;;;-1;NotInformative
000NTC;Arr2;0;0;1;1;;;;;;-1;NotInformative
GENO;Arr2;1;0;1;2;40.36;;86.68;;1.56;-1;
7;mcr-1;2;0;1;3;31.13;1.55;85.5;6.24;1.82;-1;MultipleMeltPeaks
8;mcr-1;2;0;1;3;30.65;1.71;86.92;1.48;1.84;-1;MultipleMeltPeaks
9;mcr-1;1;0;2;3;34.14;;88.09;;1.91;-1;MultipleMeltPeaks
000NTC;mcr-1;1;0;0;1;30.18;;78.2;;1.87;-1;
GENO;mcr-1;2;0;0;2;30.52;1.93;78.03;0.08;1.83;-1;
7;bacA;1;0;2;3;39.08;;89.94;;1.82;-1;MultipleMeltPeaks
8;bacA;2;0;1;3;40.88;1.23;84.88;5.72;1.78;-1;MultipleMeltPeaks
9;bacA;3;0;0;3;40.29;0.36;89.85;0.39;1.75;-1;
000NTC;bacA;0;0;1;1;;;;;;-1;NotInformative
GENO;bacA;1;0;1;2;39.24;;83.3;;1.72;-1;
7;fabK;2;0;1;3;28.71;0.85;77.69;0.06;1.81;-1;
8;fabK;3;0;0;3;30.53;3.26;77.45;0.33;1.79;-1;
9;fabK;3;0;0;3;28.36;0.93;77.63;0.14;1.8;-1;
000NTC;fabK;1;0;0;1;28.53;;77.48;;1.85;-1;
GENO;fabK;2;0;0;2;27.45;0.14;77.54;0.12;1.84;-1;
7;ARR-3;2;0;1;3;36.43;0.78;90.81;0.27;1.82;-1;MultipleMeltPeaks
8;ARR-3;2;0;1;3;31.01;1.18;87.37;3.29;1.99;-1;MultipleMeltPeaks
9;ARR-3;0;0;3;3;;;;;;-1;MultipleMeltPeaks, NotInformative
000NTC;ARR-3;0;0;1;1;;;;;;-1;NotInformative
GENO;ARR-3;1;0;1;2;36.22;;88.63;;1.59;-1;MultipleMeltPeaks
7;mcr-2;0;0;3;3;;;;;;-1;NotInformative
8;mcr-2;0;0;3;3;;;;;;-1;NotInformative
9;mcr-2;2;0;1;3;36.11;0.28;85.13;4.98;1.8;-1;MultipleMeltPeaks
000NTC;mcr-2;0;0;1;1;;;;;;-1;NotInformative
GENO;mcr-2;0;0;2;2;;;;;;-1;NotInformative
7;qnrA;0;0;3;3;;;;;;-1;NotInformative
8;qnrA;0;0;3;3;;;;;;-1;NotInformative
9;qnrA;0;0;3;3;;;;;;-1;NotInformative
000NTC;qnrA;0;0;1;1;;;;;;-1;NotInformative
GENO;qnrA;0;0;2;2;;;;;;-1;NotInformative
7;norA;0;0;3;3;;;;;;-1;NotInformative
8;norA;0;0;3;3;;;;;;-1;NotInformative
9;norA;0;0;3;3;;;;;;-1;NotInformative
000NTC;norA;0;0;1;1;;;;;;-1;NotInformative
GENO;norA;0;0;2;2;;;;;;-1;NotInformative
7;qepA_1_2;1;0;2;3;30.32;;90.93;;1.83;-1;MultipleMeltPeaks
8;qepA_1_2;0;0;3;3;;;;;;-1;MultipleMeltPeaks, NotInformative
9;qepA_1_2;2;0;1;3;26.33;2.65;90;0.18;1.91;-1;MultipleMeltPeaks
000NTC;qepA_1_2;0;0;1;1;;;;;;-1;NotInformative
GENO;qepA_1_2;2;0;0;2;32.18;3.21;80.64;0.3;1.73;-1;
7;QnrB4;2;0;1;3;31.16;1.25;89.91;1.04;1.84;-1;MultipleMeltPeaks
8;QnrB4;3;0;0;3;31.85;0.41;90.16;1.18;1.76;-1;
9;QnrB4;2;0;1;3;30.6;4.55E-04;88.07;5.78;1.75;-1;MultipleMeltPeaks
000NTC;QnrB4;0;0;1;1;;;;;;-1;NotInformative
GENO;QnrB4;0;0;2;2;;;;;;-1;NotInformative
7;QnrS1_S3_S5;2;0;1;3;40.64;0.76;82.71;10.83;1.79;-1;
8;QnrS1_S3_S5;2;0;1;3;36.87;7.97;83.58;10.61;1.76;-1;
9;QnrS1_S3_S5;1;0;2;3;36.16;;90.56;;1.76;-1;
000NTC;QnrS1_S3_S5;0;0;1;1;;;;;;-1;MultipleMeltPeaks, NotInformative
GENO;QnrS1_S3_S5;0;0;2;2;;;;;;-1;NotInformative
7;QnrVC1_VC3_VC6;1;0;2;3;42.82;;90.78;;1.72;-1;MultipleMeltPeaks
8;QnrVC1_VC3_VC6;0;0;3;3;;;;;;-1;MultipleMeltPeaks, NotInformative
9;QnrVC1_VC3_VC6;2;0;1;3;41.83;1.89;90;0.18;1.69;-1;
000NTC;QnrVC1_VC3_VC6;0;0;1;1;;;;;;-1;NotInformative
GENO;QnrVC1_VC3_VC6;0;0;2;2;;;;;;-1;NotInformative
7;QnrVC4_VC5_VC7;0;0;3;3;;;;;;-1;NotInformative
8;QnrVC4_VC5_VC7;0;0;3;3;;;;;;-1;NotInformative
9;QnrVC4_VC5_VC7;0;0;3;3;;;;;;-1;NotInformative
000NTC;QnrVC4_VC5_VC7;0;0;1;1;;;;;;-1;NotInformative
GENO;QnrVC4_VC5_VC7;0;0;2;2;;;;;;-1;NotInformative
7;qnrD;0;0;3;3;;;;;;-1;NotInformative
8;qnrD;0;0;3;3;;;;;;-1;NotInformative
9;qnrD;0;0;3;3;;;;;;-1;NotInformative
000NTC;qnrD;0;0;1;1;;;;;;-1;NotInformative
GENO;qnrD;0;0;2;2;;;;;;-1;NotInformative
7;qnrS2;1;0;2;3;40.86;;88.72;;1.86;-1;
8;qnrS2;1;0;2;3;39.4;;87.24;;1.82;-1;
9;qnrS2;1;0;2;3;38.09;;83.04;;1.88;-1;
000NTC;qnrS2;0;0;1;1;;;;;;-1;NotInformative
GENO;qnrS2;0;0;2;2;;;;;;-1;NotInformative
7;oqxA;0;0;3;3;;;;;;-1;NotInformative
8;oqxA;0;0;3;3;;;;;;-1;NotInformative
9;oqxA;0;0;3;3;;;;;;-1;NotInformative
000NTC;oqxA;0;0;1;1;;;;;;-1;MultipleMeltPeaks, NotInformative
GENO;oqxA;0;0;2;2;;;;;;-1;NotInformative
7;qnrB46,47,48;2;0;1;3;30.55;1.23;81.44;5;1.84;-1;MultipleMeltPeaks
8;qnrB46,47,48;2;0;1;3;32.89;0.47;84.89;0.27;1.84;-1;MultipleMeltPeaks
9;qnrB46,47,48;1;0;2;3;35.49;;84.81;;1.85;-1;
000NTC;qnrB46,47,48;1;0;0;1;30.25;;77.9;;1.85;-1;
GENO;qnrB46,47,48;1;0;1;2;34.95;;76.53;;1.67;-1;
7;ermK;0;0;3;3;;;;;;-1;NotInformative
8;ermK;0;0;3;3;;;;;;-1;NotInformative
9;ermK;1;0;2;3;40.46;;87.15;;1.71;-1;
000NTC;ermK;0;0;1;1;;;;;;-1;NotInformative
GENO;ermK;0;0;2;2;;;;;;-1;NotInformative
7;erm(F)a;0;0;3;3;;;;;;-1;NotInformative
8;erm(F)a;0;0;3;3;;;;;;-1;NotInformative
9;erm(F)a;0;0;3;3;;;;;;-1;NotInformative
000NTC;erm(F)a;0;0;1;1;;;;;;-1;NotInformative
GENO;erm(F)a;0;0;2;2;;;;;;-1;NotInformative
7;lmrA;0;0;3;3;;;;;;-1;NotInformative
8;lmrA;0;0;3;3;;;;;;-1;NotInformative
9;lmrA;0;0;3;3;;;;;;-1;NotInformative
000NTC;lmrA;0;0;1;1;;;;;;-1;NotInformative
GENO;lmrA;0;0;2;2;;;;;;-1;NotInformative
7;erm(36);1;0;2;3;28.32;;92.11;;1.89;-1;MultipleMeltPeaks
8;erm(36);2;0;1;3;32.5;2.14;87.3;4.24;1.78;-1;MultipleMeltPeaks
9;erm(36);2;0;1;3;31.64;0.67;87.39;5.25;1.84;-1;MultipleMeltPeaks
000NTC;erm(36);0;0;1;1;;;;;;-1;NotInformative
GENO;erm(36);0;0;2;2;;;;;;-1;NotInformative
7;ermT;0;0;3;3;;;;;;-1;NotInformative
8;ermT;0;0;3;3;;;;;;-1;NotInformative
9;ermT;0;0;3;3;;;;;;-1;NotInformative
000NTC;ermT;0;0;1;1;;;;;;-1;NotInformative
GENO;ermT;0;0;2;2;;;;;;-1;NotInformative
7;msr(C);0;0;3;3;;;;;;-1;NotInformative
8;msr(C);0;0;3;3;;;;;;-1;NotInformative
9;msr(C);0;0;3;3;;;;;;-1;NotInformative
000NTC;msr(C);0;0;1;1;;;;;;-1;NotInformative
GENO;msr(C);0;0;2;2;;;;;;-1;NotInformative
7;mphB;1;0;2;3;40.14;;90.08;;1.79;-1;MultipleMeltPeaks
8;mphB;0;0;3;3;;;;;;-1;NotInformative
9;mphB;1;0;2;3;36.5;;77.74;;1.91;-1;
000NTC;mphB;0;0;1;1;;;;;;-1;NotInformative
GENO;mphB;0;0;2;2;;;;;;-1;NotInformative
7;msr(A);0;0;3;3;;;;;;-1;NotInformative
8;msr(A);0;0;3;3;;;;;;-1;NotInformative
9;msr(A);0;0;3;3;;;;;;-1;NotInformative
000NTC;msr(A);0;0;1;1;;;;;;-1;NotInformative
GENO;msr(A);0;0;2;2;;;;;;-1;NotInformative
7;ermX;0;0;3;3;;;;;;-1;NotInformative
8;ermX;0;0;3;3;;;;;;-1;NotInformative
9;ermX;0;0;3;3;;;;;;-1;NotInformative
000NTC;ermX;0;0;1;1;;;;;;-1;NotInformative
GENO;ermX;0;0;2;2;;;;;;-1;NotInformative
7;vgaB;1;0;2;3;32.74;;72.6;;1.82;-1;
8;vgaB;1;0;2;3;39.17;;71.84;;1.77;-1;
9;vgaB;0;0;3;3;;;;;;-1;NotInformative
000NTC;vgaB;0;0;1;1;;;;;;-1;NotInformative
GENO;vgaB;0;0;2;2;;;;;;-1;NotInformative
7;pica;2;0;1;3;36.13;1.26;89.89;0.62;1.72;-1;MultipleMeltPeaks
8;pica;2;0;1;3;32.95;0.81;89.64;0.87;1.83;-1;MultipleMeltPeaks
9;pica;1;0;2;3;33.35;;85;;1.51;-1;MultipleMeltPeaks
000NTC;pica;0;0;1;1;;;;;;-1;NotInformative
GENO;pica;0;0;2;2;;;;;;-1;NotInformative
7;lnuA;0;0;3;3;;;;;;-1;NotInformative
8;lnuA;0;0;3;3;;;;;;-1;NotInformative
9;lnuA;0;0;3;3;;;;;;-1;NotInformative
000NTC;lnuA;0;0;1;1;;;;;;-1;NotInformative
GENO;lnuA;0;0;2;2;;;;;;-1;NotInformative
7;vat(E);0;0;3;3;;;;;;-1;NotInformative
8;vat(E);0;0;3;3;;;;;;-1;NotInformative
9;vat(E);2;0;1;3;39.23;0.83;87.92;0.61;1.98;-1;
000NTC;vat(E);0;0;1;1;;;;;;-1;NotInformative
GENO;vat(E);0;0;2;2;;;;;;-1;NotInformative
7;ermY;0;0;3;3;;;;;;-1;NotInformative
8;ermY;0;0;3;3;;;;;;-1;NotInformative
9;ermY;0;0;3;3;;;;;;-1;NotInformative
000NTC;ermY;0;0;1;1;;;;;;-1;NotInformative
GENO;ermY;0;0;2;2;;;;;;-1;NotInformative
7;cfr;0;0;3;3;;;;;;-1;NotInformative
8;cfr;0;0;3;3;;;;;;-1;NotInformative
9;cfr;0;0;3;3;;;;;;-1;NotInformative
000NTC;cfr;0;0;1;1;;;;;;-1;NotInformative
GENO;cfr;0;0;2;2;;;;;;-1;NotInformative
7;ermA/ermTR;0;0;3;3;;;;;;-1;NotInformative
8;ermA/ermTR;0;0;3;3;;;;;;-1;NotInformative
9;ermA/ermTR;0;0;3;3;;;;;;-1;NotInformative
000NTC;ermA/ermTR;0;0;1;1;;;;;;-1;NotInformative
GENO;ermA/ermTR;0;0;2;2;;;;;;-1;NotInformative
7;oleC;2;0;1;3;32.51;3.8;86.58;5.52;1.83;-1;MultipleMeltPeaks
8;oleC;2;0;1;3;28.35;0.88;82.97;0.05;1.74;-1;MultipleMeltPeaks
9;oleC;0;0;3;3;;;;;;-1;MultipleMeltPeaks, NotInformative
000NTC;oleC;0;0;1;1;;;;;;-1;NotInformative
GENO;oleC;0;0;2;2;;;;;;-1;NotInformative
7;carB;1;0;2;3;40.71;;76.5;;1.82;-1;
8;carB;1;0;2;3;40.37;;81.11;;1.91;-1;
9;carB;0;0;3;3;;;;;;-1;NotInformative
000NTC;carB;0;0;1;1;;;;;;-1;NotInformative
GENO;carB;0;0;2;2;;;;;;-1;NotInformative
7;pikR2;2;0;1;3;33.42;1.51;85.99;5.55;1.49;-1;MultipleMeltPeaks
8;pikR2;3;0;0;3;29.72;0.07;89.73;0.25;1.41;-1;
9;pikR2;2;0;1;3;28.63;1;89.85;0.03;1.56;-1;MultipleMeltPeaks
000NTC;pikR2;0;0;1;1;;;;;;-1;NotInformative
GENO;pikR2;0;0;2;2;;;;;;-1;NotInformative
7;ere(A);3;0;0;3;30.08;2.06;87.08;1.08;1.88;-1;
8;ere(A);3;0;0;3;28.8;0.18;87.93;0.84;1.87;-1;
9;ere(A);1;0;2;3;28.59;;90.21;;1.95;-1;MultipleMeltPeaks
000NTC;ere(A);0;0;1;1;;;;;;-1;NotInformative
GENO;ere(A);0;0;2;2;;;;;;-1;NotInformative
7;ere(B);1;0;2;3;31.66;;89.94;;1.87;-1;MultipleMeltPeaks
8;ere(B);1;0;2;3;35.15;;90.41;;1.75;-1;MultipleMeltPeaks
9;ere(B);3;0;0;3;39.27;0.94;91.54;0.68;1.78;-1;
000NTC;ere(B);0;0;1;1;;;;;;-1;NotInformative
GENO;ere(B);0;0;2;2;;;;;;-1;NotInformative
7;erm(A);1;0;2;3;39.31;;89.98;;1.92;-1;
8;erm(A);2;0;1;3;35.8;0.3;88.03;0.61;1.83;-1;MultipleMeltPeaks
9;erm(A);0;0;3;3;;;;;;-1;MultipleMeltPeaks, NotInformative
000NTC;erm(A);0;0;1;1;;;;;;-1;NotInformative
GENO;erm(A);0;0;2;2;;;;;;-1;NotInformative
7;erm(B);1;0;2;3;42.35;;79.25;;1.89;-1;
8;erm(B);0;0;3;3;;;;;;-1;NotInformative
9;erm(B);0;0;3;3;;;;;;-1;NotInformative
000NTC;erm(B);0;0;1;1;;;;;;-1;NotInformative
GENO;erm(B);0;0;2;2;;;;;;-1;NotInformative
7;erm(D);0;0;3;3;;;;;;-1;MultipleMeltPeaks, NotInformative
8;erm(D);0;0;3;3;;;;;;-1;MultipleMeltPeaks, NotInformative
9;erm(D);1;0;2;3;40.17;;81.71;;1.9;-1;
000NTC;erm(D);0;0;1;1;;;;;;-1;MultipleMeltPeaks, NotInformative
GENO;erm(D);0;0;2;2;;;;;;-1;NotInformative
7;erm(E);1;0;2;3;24.6;;91.56;;1.82;-1;MultipleMeltPeaks
8;erm(E);3;0;0;3;24.97;0.51;91.86;0.33;1.93;-1;
9;erm(E);1;0;2;3;24.97;;90.36;;1.96;-1;MultipleMeltPeaks
000NTC;erm(E);1;0;0;1;37.66;;79.14;;1.85;-1;
GENO;erm(E);0;0;2;2;;;;;;-1;NotInformative
7;erm(G);1;0;2;3;33.73;;86.39;;1.66;-1;
8;erm(G);0;0;3;3;;;;;;-1;NotInformative
9;erm(G);0;0;3;3;;;;;;-1;NotInformative
000NTC;erm(G);0;0;1;1;;;;;;-1;NotInformative
GENO;erm(G);0;0;2;2;;;;;;-1;MultipleMeltPeaks, NotInformative
7;erm(O);3;0;0;3;24.36;0.22;91.63;0.19;2.01;-1;
8;erm(O);2;1;0;3;24.97;0.03;91.65;0.35;2.02;-1;ContainsOutlierReplicateCt
9;erm(O);2;0;1;3;26.73;0.36;91.33;0.08;2.06;-1;MultipleMeltPeaks
000NTC;erm(O);1;0;0;1;43.79;;79.35;;1.97;-1;
GENO;erm(O);1;0;1;2;43.24;;77.58;;1.97;-1;
7;erm(Q);2;0;1;3;34.29;1.24;83.43;6.62;1.85;-1;
8;erm(Q);3;0;0;3;34.13;2.77;83.39;5.07;1.87;-1;
9;erm(Q);3;0;0;3;31.77;0.89;81.67;2.42;1.88;-1;
000NTC;erm(Q);1;0;0;1;31.56;;77.99;;1.87;-1;
GENO;erm(Q);2;0;0;2;39.64;0.3;77.47;0.08;1.89;-1;
7;erm(S);1;0;2;3;29.31;;89.8;;1.93;-1;MultipleMeltPeaks
8;erm(S);2;0;1;3;28.72;1.31;91.11;0.99;1.9;-1;MultipleMeltPeaks
9;erm(S);2;0;1;3;30.48;1.31;89.75;0.28;1.85;-1;MultipleMeltPeaks
000NTC;erm(S);0;0;1;1;;;;;;-1;NotInformative
GENO;erm(S);0;0;2;2;;;;;;-1;NotInformative
7;lnuB;0;0;3;3;;;;;;-1;NotInformative
8;lnuB;0;0;3;3;;;;;;-1;NotInformative
9;lnuB;0;0;3;3;;;;;;-1;NotInformative
000NTC;lnuB;0;0;1;1;;;;;;-1;NotInformative
GENO;lnuB;0;0;2;2;;;;;;-1;NotInformative
7;mphA;1;0;2;3;33.48;;86.85;;1.58;-1;MultipleMeltPeaks
8;mphA;2;1;0;3;31.81;0.15;89.18;0.26;1.89;-1;ContainsOutlierReplicateCt
9;mphA;0;0;3;3;;;;;;-1;MultipleMeltPeaks, NotInformative
000NTC;mphA;0;0;1;1;;;;;;-1;NotInformative
GENO;mphA;0;0;2;2;;;;;;-1;NotInformative
7;vat(A);0;0;3;3;;;;;;-1;MultipleMeltPeaks, NotInformative
8;vat(A);1;0;2;3;33.46;;86.82;;1.75;-1;MultipleMeltPeaks
9;vat(A);2;0;1;3;30.71;0.09;91.37;0.18;1.88;-1;MultipleMeltPeaks
000NTC;vat(A);0;0;1;1;;;;;;-1;NotInformative
GENO;vat(A);1;0;1;2;43.17;;74.28;;1.88;-1;
7;erm(34);0;0;3;3;;;;;;-1;NotInformative
8;erm(34);0;0;3;3;;;;;;-1;NotInformative
9;erm(34);0;0;3;3;;;;;;-1;NotInformative
000NTC;erm(34);0;0;1;1;;;;;;-1;NotInformative
GENO;erm(34);0;0;2;2;;;;;;-1;NotInformative
7;erm(35);1;0;2;3;34.09;;93.42;;1.87;-1;MultipleMeltPeaks
8;erm(35);3;0;0;3;32.84;2.86;86.13;7.18;1.88;-1;
9;erm(35);1;0;2;3;34.02;;89.48;;1.9;-1;MultipleMeltPeaks
000NTC;erm(35);1;0;0;1;40.02;;77.18;;1.87;-1;
GENO;erm(35);2;0;0;2;39.19;1.18;77.48;0.34;1.86;-1;
7;erm(42);0;0;3;3;;;;;;-1;MultipleMeltPeaks, NotInformative
8;erm(42);0;0;3;3;;;;;;-1;MultipleMeltPeaks, NotInformative
9;erm(42);0;0;3;3;;;;;;-1;NotInformative
000NTC;erm(42);0;0;1;1;;;;;;-1;NotInformative
GENO;erm(42);0;0;2;2;;;;;;-1;NotInformative
7;erm(F)b;0;0;3;3;;;;;;-1;NotInformative
8;erm(F)b;0;0;3;3;;;;;;-1;NotInformative
9;erm(F)b;0;0;3;3;;;;;;-1;NotInformative
000NTC;erm(F)b;0;0;1;1;;;;;;-1;NotInformative
GENO;erm(F)b;0;0;2;2;;;;;;-1;NotInformative
7;lnu(F);0;0;3;3;;;;;;-1;NotInformative
8;lnu(F);0;0;3;3;;;;;;-1;NotInformative
9;lnu(F);0;0;3;3;;;;;;-1;NotInformative
000NTC;lnu(F);0;0;1;1;;;;;;-1;NotInformative
GENO;lnu(F);0;0;2;2;;;;;;-1;NotInformative
7;lsa(C);0;0;3;3;;;;;;-1;NotInformative
8;lsa(C);0;0;3;3;;;;;;-1;NotInformative
9;lsa(C);0;0;3;3;;;;;;-1;NotInformative
000NTC;lsa(C);0;0;1;1;;;;;;-1;NotInformative
GENO;lsa(C);0;0;2;2;;;;;;-1;NotInformative
7;mef(B);0;0;3;3;;;;;;-1;NotInformative
8;mef(B);0;0;3;3;;;;;;-1;NotInformative
9;mef(B);0;0;3;3;;;;;;-1;NotInformative
000NTC;mef(B);0;0;1;1;;;;;;-1;NotInformative
GENO;mef(B);0;0;2;2;;;;;;-1;NotInformative
7;msr(D);0;0;3;3;;;;;;-1;NotInformative
8;msr(D);0;0;3;3;;;;;;-1;NotInformative
9;msr(D);0;0;3;3;;;;;;-1;NotInformative
000NTC;msr(D);0;0;1;1;;;;;;-1;MultipleMeltPeaks, NotInformative
GENO;msr(D);1;0;1;2;40.75;;83.05;;1.61;-1;MultipleMeltPeaks
7;msr(E);0;0;3;3;;;;;;-1;NotInformative
8;msr(E);0;0;3;3;;;;;;-1;NotInformative
9;msr(E);0;0;3;3;;;;;;-1;NotInformative
000NTC;msr(E);0;0;1;1;;;;;;-1;MultipleMeltPeaks, NotInformative
GENO;msr(E);1;0;1;2;42.41;;74.4;;1.9;-1;MultipleMeltPeaks
7;vgaA;0;0;3;3;;;;;;-1;NotInformative
8;vgaA;0;0;3;3;;;;;;-1;NotInformative
9;vgaA;0;0;3;3;;;;;;-1;NotInformative
000NTC;vgaA;0;0;1;1;;;;;;-1;NotInformative
GENO;vgaA;2;0;0;2;34.49;5.02;74.78;0.92;1.84;-1;
7;vga(A)LC;1;0;2;3;42.28;;88.4;;1.7;-1;
8;vga(A)LC;0;0;3;3;;;;;;-1;MultipleMeltPeaks, NotInformative
9;vga(A)LC;0;0;3;3;;;;;;-1;NotInformative
000NTC;vga(A)LC;0;0;1;1;;;;;;-1;NotInformative
GENO;vga(A)LC;0;0;2;2;;;;;;-1;NotInformative
7;vatB;0;0;3;3;;;;;;-1;NotInformative
8;vatB;0;0;3;3;;;;;;-1;NotInformative
9;vatB;0;0;3;3;;;;;;-1;MultipleMeltPeaks, NotInformative
000NTC;vatB;0;0;1;1;;;;;;-1;MultipleMeltPeaks, NotInformative
GENO;vatB;0;0;2;2;;;;;;-1;NotInformative
7;mefA;3;0;0;3;30.93;2.25;80.13;9.33;1.85;-1;
8;mefA;2;0;1;3;29.53;0.93;74.71;0.01;1.85;-1;MultipleMeltPeaks
9;mefA;0;0;3;3;;;;;;-1;MultipleMeltPeaks, NotInformative
000NTC;mefA;1;0;0;1;29.69;;74.76;;1.86;-1;
GENO;mefA;0;0;2;2;;;;;;-1;MultipleMeltPeaks, NotInformative
7;lnuC;0;0;3;3;;;;;;-1;NotInformative
8;lnuC;0;0;3;3;;;;;;-1;NotInformative
9;lnuC;0;0;3;3;;;;;;-1;NotInformative
000NTC;lnuC;0;0;1;1;;;;;;-1;NotInformative
GENO;lnuC;0;0;2;2;;;;;;-1;NotInformative
7;cat;1;0;2;3;39.29;;90.45;;1.84;-1;MultipleMeltPeaks
8;cat;2;0;1;3;37.11;1.42;90;1.15;1.88;-1;
9;cat;1;0;2;3;36.84;;89.65;;1.84;-1;MultipleMeltPeaks
000NTC;cat;0;0;1;1;;;;;;-1;NotInformative
GENO;cat;0;0;2;2;;;;;;-1;NotInformative
7;catA2;0;0;3;3;;;;;;-1;NotInformative
8;catA2;0;0;3;3;;;;;;-1;NotInformative
9;catA2;0;0;3;3;;;;;;-1;NotInformative
000NTC;catA2;0;0;1;1;;;;;;-1;NotInformative
GENO;catA2;0;0;2;2;;;;;;-1;NotInformative
7;catA3;0;0;3;3;;;;;;-1;MultipleMeltPeaks, NotInformative
8;catA3;1;0;2;3;34.72;;85.04;;1.82;-1;MultipleMeltPeaks
9;catA3;3;0;0;3;33.97;1.58;90.44;0.76;1.91;-1;
000NTC;catA3;0;0;1;1;;;;;;-1;NotInformative
GENO;catA3;0;0;2;2;;;;;;-1;NotInformative
7;catB2;0;0;3;3;;;;;;-1;NotInformative
8;catB2;0;0;3;3;;;;;;-1;NotInformative
9;catB2;0;0;3;3;;;;;;-1;NotInformative
000NTC;catB2;0;0;1;1;;;;;;-1;NotInformative
GENO;catB2;0;0;2;2;;;;;;-1;NotInformative
7;catB9;2;0;1;3;39.43;3.29;81.11;6.45;1.76;-1;MultipleMeltPeaks
8;catB9;1;0;2;3;37.79;;76.4;;1.86;-1;
9;catB9;1;0;2;3;43.01;;85.08;;1.68;-1;MultipleMeltPeaks
000NTC;catB9;0;0;1;1;;;;;;-1;NotInformative
GENO;catB9;2;0;0;2;41.59;0.09;74.95;0.26;1.87;-1;
7;cat(pC221);0;0;3;3;;;;;;-1;NotInformative
8;cat(pC221);0;0;3;3;;;;;;-1;MultipleMeltPeaks, NotInformative
9;cat(pC221);0;0;3;3;;;;;;-1;NotInformative
000NTC;cat(pC221);0;0;1;1;;;;;;-1;NotInformative
GENO;cat(pC221);0;0;2;2;;;;;;-1;NotInformative
7;catP;1;0;2;3;40.33;;88.88;;1.78;-1;MultipleMeltPeaks
8;catP;3;0;0;3;37.06;0.89;89.72;1.15;1.77;-1;
9;catP;2;0;1;3;37.79;2.97;91.37;0.33;1.78;-1;MultipleMeltPeaks
000NTC;catP;0;0;1;1;;;;;;-1;NotInformative
GENO;catP;0;0;2;2;;;;;;-1;NotInformative
7;catQ;2;0;1;3;36.92;2.91;78.17;0.06;1.87;-1;MultipleMeltPeaks
8;catQ;2;0;1;3;38.95;4.45;76.86;2.11;1.84;-1;
9;catQ;2;0;1;3;41.96;0.22;77.56;0.16;1.84;-1;
000NTC;catQ;1;0;0;1;36.92;;77.5;;1.88;-1;
GENO;catQ;0;0;2;2;;;;;;-1;NotInformative
7;cmlV;2;0;1;3;28.69;1.5;85.2;4.49;1.72;-1;MultipleMeltPeaks
8;cmlV;1;0;2;3;27.91;;80.76;;1.69;-1;MultipleMeltPeaks
9;cmlV;3;0;0;3;27.81;0.36;80.76;0.06;1.74;-1;
000NTC;cmlV;1;0;0;1;26.91;;80.74;;1.76;-1;
GENO;cmlV;2;0;0;2;28;0.65;80.47;3.93E-03;1.79;-1;
7;fexA;0;0;3;3;;;;;;-1;NotInformative
8;fexA;0;0;3;3;;;;;;-1;NotInformative
9;fexA;0;0;3;3;;;;;;-1;NotInformative
000NTC;fexA;0;0;1;1;;;;;;-1;NotInformative
GENO;fexA;0;0;2;2;;;;;;-1;NotInformative
7;optrA;1;0;2;3;38.36;;86.96;;1.7;-1;MultipleMeltPeaks
8;optrA;0;0;3;3;;;;;;-1;MultipleMeltPeaks, NotInformative
9;optrA;3;0;0;3;35.3;3.29;80.91;7.19;1.81;-1;
000NTC;optrA;0;0;1;1;;;;;;-1;NotInformative
GENO;optrA;1;0;1;2;37.49;;76.65;;1.78;-1;MultipleMeltPeaks
7;tetbP;0;0;3;3;;;;;;-1;NotInformative
8;tetbP;0;0;3;3;;;;;;-1;NotInformative
9;tetbP;0;0;3;3;;;;;;-1;NotInformative
000NTC;tetbP;0;0;1;1;;;;;;-1;NotInformative
GENO;tetbP;0;0;2;2;;;;;;-1;NotInformative
7;tet40;0;0;3;3;;;;;;-1;MultipleMeltPeaks, NotInformative
8;tet40;0;0;3;3;;;;;;-1;NotInformative
9;tet40;0;0;3;3;;;;;;-1;MultipleMeltPeaks, NotInformative
000NTC;tet40;0;0;1;1;;;;;;-1;MultipleMeltPeaks, NotInformative
GENO;tet40;0;0;2;2;;;;;;-1;MultipleMeltPeaks, NotInformative
7;tetPB;0;0;3;3;;;;;;-1;NotInformative
8;tetPB;0;0;3;3;;;;;;-1;NotInformative
9;tetPB;1;0;2;3;41.48;;87.79;;1.81;-1;
000NTC;tetPB;0;0;1;1;;;;;;-1;NotInformative
GENO;tetPB;0;0;2;2;;;;;;-1;NotInformative
7;tet39;0;0;3;3;;;;;;-1;NotInformative
8;tet39;0;0;3;3;;;;;;-1;NotInformative
9;tet39;0;0;3;3;;;;;;-1;NotInformative
000NTC;tet39;0;0;1;1;;;;;;-1;NotInformative
GENO;tet39;0;0;2;2;;;;;;-1;NotInformative
7;tet(36);0;0;3;3;;;;;;-1;NotInformative
8;tet(36);1;0;2;3;37.43;;90.06;;1.7;-1;
9;tet(36);0;0;3;3;;;;;;-1;NotInformative
000NTC;tet(36);0;0;1;1;;;;;;-1;NotInformative
GENO;tet(36);0;0;2;2;;;;;;-1;NotInformative
7;tet(32);0;0;3;3;;;;;;-1;NotInformative
8;tet(32);0;0;3;3;;;;;;-1;NotInformative
9;tet(32);0;0;3;3;;;;;;-1;NotInformative
000NTC;tet(32);0;0;1;1;;;;;;-1;NotInformative
GENO;tet(32);0;0;2;2;;;;;;-1;NotInformative
7;tetU;2;0;1;3;36.76;0.37;84.43;0.03;1.76;-1;MultipleMeltPeaks
8;tetU;2;0;1;3;38.7;0.71;89;2.03;1.77;-1;MultipleMeltPeaks
9;tetU;1;0;2;3;36.24;;84.5;;1.75;-1;MultipleMeltPeaks
000NTC;tetU;0;0;1;1;;;;;;-1;NotInformative
GENO;tetU;0;0;2;2;;;;;;-1;NotInformative
7;tetA;3;0;0;3;29.39;0.59;89.97;0.51;1.89;-1;
8;tetA;2;0;1;3;30.24;0.23;89.66;0.25;1.88;-1;MultipleMeltPeaks
9;tetA;2;0;1;3;29.65;0.87;90.02;0.2;1.88;-1;MultipleMeltPeaks
000NTC;tetA;0;0;1;1;;;;;;-1;NotInformative
GENO;tetA;0;0;2;2;;;;;;-1;NotInformative
7;tetB;3;0;0;3;35.56;1.27;84.46;0.01;1.87;-1;
8;tetB;2;0;1;3;40.78;3.75;84.8;0.45;1.82;-1;MultipleMeltPeaks
9;tetB;1;0;2;3;40;;87.85;;1.84;-1;MultipleMeltPeaks
000NTC;tetB;0;0;1;1;;;;;;-1;NotInformative
GENO;tetB;0;0;2;2;;;;;;-1;NotInformative
7;tetK;0;0;3;3;;;;;;-1;NotInformative
8;tetK;0;0;3;3;;;;;;-1;NotInformative
9;tetK;0;0;3;3;;;;;;-1;NotInformative
000NTC;tetK;0;0;1;1;;;;;;-1;NotInformative
GENO;tetK;0;0;2;2;;;;;;-1;NotInformative
7;tetQ;0;0;3;3;;;;;;-1;NotInformative
8;tetQ;0;0;3;3;;;;;;-1;NotInformative
9;tetQ;0;0;3;3;;;;;;-1;NotInformative
000NTC;tetQ;0;0;1;1;;;;;;-1;NotInformative
GENO;tetQ;0;0;2;2;;;;;;-1;NotInformative
7;tetH;0;0;3;3;;;;;;-1;NotInformative
8;tetH;0;0;3;3;;;;;;-1;NotInformative
9;tetH;1;0;2;3;39.15;;78.92;;2.07;-1;
000NTC;tetH;0;0;1;1;;;;;;-1;NotInformative
GENO;tetH;0;0;2;2;;;;;;-1;NotInformative
7;tetW;0;0;3;3;;;;;;-1;MultipleMeltPeaks, NotInformative
8;tetW;0;0;3;3;;;;;;-1;NotInformative
9;tetW;0;0;3;3;;;;;;-1;NotInformative
000NTC;tetW;0;0;1;1;;;;;;-1;NotInformative
GENO;tetW;0;0;2;2;;;;;;-1;NotInformative
7;tetO;0;0;3;3;;;;;;-1;NotInformative
8;tetO;0;0;3;3;;;;;;-1;NotInformative
9;tetO;0;0;3;3;;;;;;-1;NotInformative
000NTC;tetO;0;0;1;1;;;;;;-1;NotInformative
GENO;tetO;0;0;2;2;;;;;;-1;NotInformative
7;tetL;3;0;0;3;38.22;3.35;89.06;2.87;1.78;-1;
8;tetL;3;0;0;3;40.48;2.54;87.21;3.23;1.75;-1;
9;tetL;1;0;2;3;34.07;;80.03;;1.82;-1;MultipleMeltPeaks
000NTC;tetL;0;0;1;1;;;;;;-1;NotInformative
GENO;tetL;0;0;2;2;;;;;;-1;NotInformative
7;tetX;0;0;3;3;;;;;;-1;NotInformative
8;tetX;0;0;3;3;;;;;;-1;NotInformative
9;tetX;0;0;3;3;;;;;;-1;NotInformative
000NTC;tetX;0;0;1;1;;;;;;-1;NotInformative
GENO;tetX;0;0;2;2;;;;;;-1;NotInformative
7;tetC;0;0;3;3;;;;;;-1;NotInformative
8;tetC;0;0;3;3;;;;;;-1;NotInformative
9;tetC;1;0;2;3;41.99;;89.95;;1.84;-1;
000NTC;tetC;0;0;1;1;;;;;;-1;NotInformative
GENO;tetC;0;0;2;2;;;;;;-1;NotInformative
7;tetS;0;0;3;3;;;;;;-1;NotInformative
8;tetS;0;0;3;3;;;;;;-1;NotInformative
9;tetS;0;0;3;3;;;;;;-1;NotInformative
000NTC;tetS;0;0;1;1;;;;;;-1;NotInformative
GENO;tetS;0;0;2;2;;;;;;-1;NotInformative
7;tetE;0;0;3;3;;;;;;-1;NotInformative
8;tetE;0;0;3;3;;;;;;-1;NotInformative
9;tetE;0;0;3;3;;;;;;-1;NotInformative
000NTC;tetE;0;0;1;1;;;;;;-1;NotInformative
GENO;tetE;0;0;2;2;;;;;;-1;NotInformative
7;tetT;0;0;3;3;;;;;;-1;NotInformative
8;tetT;0;0;3;3;;;;;;-1;NotInformative
9;tetT;0;0;3;3;;;;;;-1;NotInformative
000NTC;tetT;0;0;1;1;;;;;;-1;NotInformative
GENO;tetT;0;0;2;2;;;;;;-1;NotInformative
7;tetD;1;0;2;3;37.47;;78.55;;1.59;-1;
8;tetD;1;0;2;3;40.61;;79.19;;1.77;-1;MultipleMeltPeaks
9;tetD;2;0;1;3;39.09;0.38;81.76;1.81;1.69;-1;MultipleMeltPeaks
000NTC;tetD;0;0;1;1;;;;;;-1;NotInformative
GENO;tetD;0;0;2;2;;;;;;-1;NotInformative
7;tetG_F;2;0;1;3;26.41;0.46;89.12;0.13;1.97;-1;MultipleMeltPeaks
8;tetG_F;2;0;1;3;25.94;1.80E-03;89.97;1.34;1.93;-1;MultipleMeltPeaks
9;tetG_F;2;0;1;3;26.15;0.15;88.35;0.76;1.97;-1;MultipleMeltPeaks
000NTC;tetG_F;0;0;1;1;;;;;;-1;NotInformative
GENO;tetG_F;0;0;2;2;;;;;;-1;NotInformative
7;tetR;1;0;2;3;31.07;;77.92;;1.79;-1;
8;tetR;1;0;2;3;42.03;;76.34;;1.83;-1;MultipleMeltPeaks
9;tetR;1;0;2;3;30.5;;78.03;;1.83;-1;
000NTC;tetR;0;0;1;1;;;;;;-1;NotInformative
GENO;tetR;2;0;0;2;37.53;6.62;76.6;1.54;1.74;-1;
7;tetPA;3;0;0;3;27.54;0.78;75.02;0.05;1.88;-1;
8;tetPA;3;0;0;3;27.18;0.38;75.15;0.3;1.87;-1;
9;tetPA;3;0;0;3;26.42;0.41;75.28;0.17;1.99;-1;
000NTC;tetPA;1;0;0;1;24.24;;75.27;;1.9;-1;
GENO;tetPA;2;0;0;2;21.72;2.37;75.19;0.13;1.79;-1;
7;tetM;0;0;3;3;;;;;;-1;NotInformative
8;tetM;0;0;3;3;;;;;;-1;NotInformative
9;tetM;0;0;3;3;;;;;;-1;NotInformative
000NTC;tetM;0;0;1;1;;;;;;-1;NotInformative
GENO;tetM;0;0;2;2;;;;;;-1;NotInformative
7;tetJ;1;0;2;3;39.19;;84.74;;1.9;-1;MultipleMeltPeaks
8;tetJ;1;0;2;3;37.69;;92.14;;1.72;-1;
9;tetJ;2;1;0;3;39.4;0.31;83.95;2.23;1.8;-1;ContainsOutlierReplicateCt
000NTC;tetJ;0;0;1;1;;;;;;-1;NotInformative
GENO;tetJ;0;0;2;2;;;;;;-1;NotInformative
7;tet(38);0;0;3;3;;;;;;-1;NotInformative
8;tet(38);0;0;3;3;;;;;;-1;NotInformative
9;tet(38);1;0;2;3;27.44;;87.39;;1.8;-1;MultipleMeltPeaks
000NTC;tet(38);1;0;0;1;33.8;;81.67;;1.86;-1;
GENO;tet(38);1;0;1;2;30.34;;84.54;;1.96;-1;MultipleMeltPeaks
7;tet44;0;0;3;3;;;;;;-1;MultipleMeltPeaks, NotInformative
8;tet44;1;0;2;3;41.5;;87.85;;1.78;-1;MultipleMeltPeaks
9;tet44;1;0;2;3;30.58;;85.96;;1.92;-1;MultipleMeltPeaks
000NTC;tet44;0;0;1;1;;;;;;-1;NotInformative
GENO;tet44;0;0;2;2;;;;;;-1;NotInformative
7;IS1111;0;0;3;3;;;;;;-1;NotInformative
8;IS1111;0;0;3;3;;;;;;-1;NotInformative
9;IS1111;0;0;3;3;;;;;;-1;NotInformative
000NTC;IS1111;0;0;1;1;;;;;;-1;NotInformative
GENO;IS1111;0;0;2;2;;;;;;-1;NotInformative
7;IS1133;0;0;3;3;;;;;;-1;NotInformative
8;IS1133;1;0;2;3;40.2;;89.64;;1.75;-1;MultipleMeltPeaks
9;IS1133;1;0;2;3;42.63;;93.46;;1.66;-1;MultipleMeltPeaks
000NTC;IS1133;0;0;1;1;;;;;;-1;NotInformative
GENO;IS1133;0;0;2;2;;;;;;-1;NotInformative
7;orf37-IS26;1;0;2;3;34.06;;88.62;;1.89;-1;MultipleMeltPeaks
8;orf37-IS26;0;0;3;3;;;;;;-1;MultipleMeltPeaks, NotInformative
9;orf37-IS26;2;1;0;3;33.4;0.21;90.89;0.52;1.84;-1;ContainsOutlierReplicateCt
000NTC;orf37-IS26;0;0;1;1;;;;;;-1;NotInformative
GENO;orf37-IS26;0;0;2;2;;;;;;-1;NotInformative
7;orf39-IS26;1;0;2;3;32.87;;83.51;;1.67;-1;MultipleMeltPeaks
8;orf39-IS26;3;0;0;3;33.81;2.32;83.98;0.06;1.7;-1;
9;orf39-IS26;2;0;1;3;31.69;1.12;84.28;0.04;1.73;-1;MultipleMeltPeaks
000NTC;orf39-IS26;1;0;0;1;38.78;;81.49;;1.8;-1;
GENO;orf39-IS26;1;0;1;2;41.21;;80.9;;1.84;-1;
7;ISPps1-pseud;0;0;3;3;;;;;;-1;NotInformative
8;ISPps1-pseud;0;0;3;3;;;;;;-1;NotInformative
9;ISPps1-pseud;3;0;0;3;40.32;2.04;86.71;3.25;1.84;-1;
000NTC;ISPps1-pseud;0;0;1;1;;;;;;-1;NotInformative
GENO;ISPps1-pseud;0;0;2;2;;;;;;-1;NotInformative
7;ISSm2-Xanthob;2;1;0;3;29.08;0.01;83.87;0.06;1.88;-1;ContainsOutlierReplicateCt
8;ISSm2-Xanthob;3;0;0;3;28.61;0.81;83.92;0.37;1.84;-1;
9;ISSm2-Xanthob;3;0;0;3;28.51;0.19;83.64;0.8;1.87;-1;
000NTC;ISSm2-Xanthob;1;0;0;1;44.03;;75.95;;1.84;-1;
GENO;ISSm2-Xanthob;1;0;1;2;33.13;;77.92;;1.84;-1;
7;ISAba3-Acineto;0;0;3;3;;;;;;-1;NotInformative
8;ISAba3-Acineto;0;0;3;3;;;;;;-1;NotInformative
9;ISAba3-Acineto;0;0;3;3;;;;;;-1;NotInformative
000NTC;ISAba3-Acineto;0;0;1;1;;;;;;-1;NotInformative
GENO;ISAba3-Acineto;0;0;2;2;;;;;;-1;NotInformative
7;ISEfm1-Entero;0;0;3;3;;;;;;-1;NotInformative
8;ISEfm1-Entero;0;0;3;3;;;;;;-1;NotInformative
9;ISEfm1-Entero;0;0;3;3;;;;;;-1;NotInformative
000NTC;ISEfm1-Entero;0;0;1;1;;;;;;-1;NotInformative
GENO;ISEfm1-Entero;0;0;2;2;;;;;;-1;NotInformative
7;TN5;0;0;3;3;;;;;;-1;NotInformative
8;TN5;0;0;3;3;;;;;;-1;NotInformative
9;TN5;0;0;3;3;;;;;;-1;NotInformative
000NTC;TN5;0;0;1;1;;;;;;-1;NotInformative
GENO;TN5;0;0;2;2;;;;;;-1;NotInformative
7;int1-a-marko;3;0;0;3;31.75;3.78;75.62;0.13;1.81;-1;
8;int1-a-marko;3;0;0;3;33.05;3.82;75.64;0.16;1.79;-1;
9;int1-a-marko;3;0;0;3;34.57;1.74;75.56;0.04;1.79;-1;
000NTC;int1-a-marko;1;0;0;1;30.61;;75.43;;1.86;-1;
GENO;int1-a-marko;2;0;0;2;28.65;0.65;75.54;0.02;1.81;-1;
7;intl2;1;0;2;3;42.53;;86.75;;1.81;-1;
8;intl2;0;0;3;3;;;;;;-1;NotInformative
9;intl2;0;0;3;3;;;;;;-1;NotInformative
000NTC;intl2;0;0;1;1;;;;;;-1;NotInformative
GENO;intl2;0;0;2;2;;;;;;-1;NotInformative
7;intI1F165_clinical;3;0;0;3;22.7;0.15;90.3;0.09;1.94;-1;
8;intI1F165_clinical;3;0;0;3;23.52;1.28;90.12;0.22;1.87;-1;
9;intI1F165_clinical;3;0;0;3;23.59;0.59;89.69;0.05;1.84;-1;
000NTC;intI1F165_clinical;1;0;0;1;25.66;;81.65;;1.86;-1;
GENO;intI1F165_clinical;2;0;0;2;25.68;0.16;81.78;0.08;1.84;-1;
7;intl3;3;0;0;3;23.6;0.24;90.59;0.61;1.98;-1;
8;intl3;3;0;0;3;24.19;0.74;90.59;0.73;2;-1;
9;intl3;2;1;0;3;24.01;0.09;91.18;0.08;1.98;-1;ContainsOutlierReplicateCt
000NTC;intl3;0;0;1;1;;;;;;-1;NotInformative
GENO;intl3;0;0;2;2;;;;;;-1;NotInformative
7;cefa_qacelta;0;0;3;3;;;;;;-1;NotInformative
8;cefa_qacelta;1;0;2;3;38.72;;74.44;;1.8;-1;
9;cefa_qacelta;1;0;2;3;37.09;;74.8;;1.65;-1;
000NTC;cefa_qacelta;0;0;1;1;;;;;;-1;MultipleMeltPeaks, NotInformative
GENO;cefa_qacelta;0;0;2;2;;;;;;-1;MultipleMeltPeaks, NotInformative
7;pcoA;2;0;1;3;30.84;0.4;80.86;0.18;1.86;-1;MultipleMeltPeaks
8;pcoA;3;0;0;3;31.25;0.72;80.65;0.43;1.9;-1;
9;pcoA;2;1;0;3;31.49;0.01;80.73;0.1;1.87;-1;ContainsOutlierReplicateCt
000NTC;pcoA;1;0;0;1;40.32;;77.23;;1.9;-1;
GENO;pcoA;1;0;1;2;36.97;;80.08;;1.75;-1;
7;silE;2;1;0;3;37.54;0.29;89.83;0.25;1.8;-1;ContainsOutlierReplicateCt
8;silE;1;0;2;3;39.98;;90.05;;1.7;-1;MultipleMeltPeaks
9;silE;3;0;0;3;38.52;2.05;89.72;0.24;1.78;-1;
000NTC;silE;0;0;1;1;;;;;;-1;NotInformative
GENO;silE;0;0;2;2;;;;;;-1;NotInformative
7;arsA;0;0;3;3;;;;;;-1;NotInformative
8;arsA;0;0;3;3;;;;;;-1;NotInformative
9;arsA;0;0;3;3;;;;;;-1;NotInformative
000NTC;arsA;0;0;1;1;;;;;;-1;NotInformative
GENO;arsA;0;0;2;2;;;;;;-1;NotInformative
7;qacA/B;1;0;2;3;35.51;;77.95;;1.77;-1;MultipleMeltPeaks
8;qacA/B;2;0;1;3;35.5;0.4;83.28;0.21;1.83;-1;MultipleMeltPeaks
9;qacA/B;2;1;0;3;33.95;0.1;77.99;0.29;1.79;-1;ContainsOutlierReplicateCt
000NTC;qacA/B;1;0;0;1;40.46;;79.18;;1.88;-1;
GENO;qacA/B;1;0;1;2;41.09;;76.33;;1.89;-1;
7;qacF/Hb;0;0;3;3;;;;;;-1;MultipleMeltPeaks, NotInformative
8;qacF/Hb;0;0;3;3;;;;;;-1;MultipleMeltPeaks, NotInformative
9;qacF/Hb;0;0;3;3;;;;;;-1;NotInformative
000NTC;qacF/Hb;0;0;1;1;;;;;;-1;NotInformative
GENO;qacF/Hb;0;0;2;2;;;;;;-1;NotInformative
7;copA;3;0;0;3;25.52;2.81;87.2;1.42;1.8;-1;
8;copA;3;0;0;3;30.3;1.16;86.2;0.15;1.44;-1;
9;copA;3;0;0;3;29.95;0.73;86.21;0.11;1.53;-1;
000NTC;copA;0;0;1;1;;;;;;-1;MultipleMeltPeaks, NotInformative
GENO;copA;1;0;1;2;37.54;;79.62;;1.62;-1;
7;czcA;3;0;0;3;22.29;0.4;78.07;0.06;1.83;-1;
8;czcA;3;0;0;3;22.43;0.16;78.06;0.04;1.82;-1;
9;czcA;3;0;0;3;22.13;0.13;78.08;0.06;1.83;-1;
000NTC;czcA;1;0;0;1;21.51;;77.67;;1.9;-1;
GENO;czcA;2;0;0;2;22.14;0.02;77.8;0.02;1.83;-1;
7;sugE;1;0;2;3;30.52;;92.02;;1.92;-1;MultipleMeltPeaks
8;sugE;3;0;0;3;29.85;1.45;89.51;3.13;1.91;-1;
9;sugE;3;0;0;3;30.15;1.83;90.67;0.49;1.87;-1;
000NTC;sugE;1;0;0;1;43.34;;75.27;;1.95;-1;
GENO;sugE;2;0;0;2;35.58;7.54;77.09;1.14;1.9;-1;
7;tcrB;0;0;3;3;;;;;;-1;NotInformative
8;tcrB;0;0;3;3;;;;;;-1;NotInformative
9;tcrB;0;0;3;3;;;;;;-1;NotInformative
000NTC;tcrB;0;0;1;1;;;;;;-1;NotInformative
GENO;tcrB;0;0;2;2;;;;;;-1;NotInformative
7;terW;2;0;1;3;38.29;2.61;90.91;0.08;1.86;-1;MultipleMeltPeaks
8;terW;2;0;1;3;37.42;3.42;89.47;0.11;1.86;-1;MultipleMeltPeaks
9;terW;2;1;0;3;35.27;0.34;88.57;0.95;1.83;-1;ContainsOutlierReplicateCt
000NTC;terW;0;0;1;1;;;;;;-1;NotInformative
GENO;terW;0;0;2;2;;;;;;-1;NotInformative
7;pbrT;2;0;1;3;35.99;2.4;80.77;5.63;1.73;-1;
8;pbrT;0;0;3;3;;;;;;-1;NotInformative
9;pbrT;1;0;2;3;38.58;;76.65;;1.66;-1;MultipleMeltPeaks
000NTC;pbrT;1;0;0;1;36.16;;77.23;;1.84;-1;
GENO;pbrT;0;0;2;2;;;;;;-1;NotInformative
7;cadC;3;0;0;3;34.38;1.05;91.48;0.63;1.8;-1;
8;cadC;3;0;0;3;34.91;2.11;89.05;1.49;1.82;-1;
9;cadC;2;0;1;3;32.92;0.77;90.22;3.06;1.9;-1;MultipleMeltPeaks
000NTC;cadC;1;0;0;1;43.04;;74.4;;1.86;-1;
GENO;cadC;0;0;2;2;;;;;;-1;NotInformative
7;mobA;2;0;1;3;36.91;9.17;77;1.45;1.76;-1;MultipleMeltPeaks
8;mobA;2;0;1;3;34.52;2;78.32;0.95;1.78;-1;MultipleMeltPeaks
9;mobA;1;0;2;3;30.15;;78.19;;1.8;-1;MultipleMeltPeaks
000NTC;mobA;0;0;1;1;;;;;;-1;MultipleMeltPeaks, NotInformative
GENO;mobA;0;0;2;2;;;;;;-1;MultipleMeltPeaks, NotInformative
7;ISCR1;0;0;3;3;;;;;;-1;MultipleMeltPeaks, NotInformative
8;ISCR1;2;0;1;3;31.43;0.9;90.39;0.63;1.93;-1;MultipleMeltPeaks
9;ISCR1;2;0;1;3;30.53;1.58;90.8;4.32E-05;1.94;-1;MultipleMeltPeaks
000NTC;ISCR1;0;0;1;1;;;;;;-1;NotInformative
GENO;ISCR1;0;0;2;2;;;;;;-1;NotInformative
7;IS26;0;0;3;3;;;;;;-1;MultipleMeltPeaks, NotInformative
8;IS26;0;0;3;3;;;;;;-1;NotInformative
9;IS26;0;0;3;3;;;;;;-1;NotInformative
000NTC;IS26;0;0;1;1;;;;;;-1;NotInformative
GENO;IS26;0;0;2;2;;;;;;-1;NotInformative
7;IS3;2;1;0;3;30.82;0.22;90.1;0.01;1.74;-1;ContainsOutlierReplicateCt
8;IS3;3;0;0;3;36.7;3.77;89.08;1.76;1.75;-1;
9;IS3;2;1;0;3;39.05;0.68;87;0.11;1.94;-1;ContainsOutlierReplicateCt
000NTC;IS3;0;0;1;1;;;;;;-1;NotInformative
GENO;IS3;0;0;2;2;;;;;;-1;NotInformative
7;IS256;0;0;3;3;;;;;;-1;NotInformative
8;IS256;2;0;1;3;36.44;5.19;80.69;5.23;1.85;-1;
9;IS256;1;0;2;3;41.06;;76.82;;1.85;-1;
000NTC;IS256;0;0;1;1;;;;;;-1;NotInformative
GENO;IS256;0;0;2;2;;;;;;-1;NotInformative
7;ISEcp1;2;1;0;3;32.73;0.09;80.57;1.46;1.81;-1;ContainsOutlierReplicateCt
8;ISEcp1;3;0;0;3;32.14;2.07;91.45;8.46E-03;1.89;-1;
9;ISEcp1;2;0;1;3;33.07;2.69;79.43;0.01;1.79;-1;MultipleMeltPeaks
000NTC;ISEcp1;1;0;0;1;30.92;;80.36;;1.86;-1;
GENO;ISEcp1;2;0;0;2;30.66;1.66;81.15;1.65;1.83;-1;
7;IS200a;1;0;2;3;36.73;;89.22;;1.86;-1;MultipleMeltPeaks
8;IS200a;2;0;1;3;35.94;0.01;89.7;1.05;1.87;-1;MultipleMeltPeaks
9;IS200a;1;0;2;3;35.23;;76.11;;1.88;-1;MultipleMeltPeaks
000NTC;IS200a;1;0;0;1;35.12;;76.02;;1.89;-1;
GENO;IS200a;2;0;0;2;31.26;1.74;76.37;0.13;1.9;-1;
7;IS1247;0;0;3;3;;;;;;-1;MultipleMeltPeaks, NotInformative
8;IS1247;1;0;2;3;28.2;;85.73;;1.64;-1;MultipleMeltPeaks
9;IS1247;2;0;1;3;30.59;1.41;86.78;1.73;1.45;-1;MultipleMeltPeaks
000NTC;IS1247;1;0;0;1;30.62;;80.93;;1.72;-1;
GENO;IS1247;2;0;0;2;35.76;4.73;80.78;0.72;1.69;-1;
7;IS630;0;0;3;3;;;;;;-1;NotInformative
8;IS630;0;0;3;3;;;;;;-1;NotInformative
9;IS630;0;0;3;3;;;;;;-1;NotInformative
000NTC;IS630;0;0;1;1;;;;;;-1;NotInformative
GENO;IS630;0;0;2;2;;;;;;-1;NotInformative
7;TN5403;3;0;0;3;31.82;1.39;89.68;0.38;1.82;-1;
8;TN5403;3;0;0;3;30.15;0.61;89.42;0.68;1.86;-1;
9;TN5403;2;0;1;3;31.15;0.52;88.94;1.12;1.85;-1;MultipleMeltPeaks
000NTC;TN5403;0;0;1;1;;;;;;-1;NotInformative
GENO;TN5403;0;0;2;2;;;;;;-1;NotInformative
7;IS200b;0;0;3;3;;;;;;-1;MultipleMeltPeaks, NotInformative
8;IS200b;1;0;2;3;41.11;;85.61;;1.8;-1;
9;IS200b;3;0;0;3;40.88;2.52;89.65;1.45;1.7;-1;
000NTC;IS200b;0;0;1;1;;;;;;-1;NotInformative
GENO;IS200b;0;0;2;2;;;;;;-1;NotInformative
7;IS21-ISAs29;2;0;1;3;32.9;0.5;87.69;1.23;1.83;-1;MultipleMeltPeaks
8;IS21-ISAs29;1;0;2;3;32.27;;88.24;;1.93;-1;MultipleMeltPeaks
9;IS21-ISAs29;1;0;2;3;31.38;;88.69;;1.84;-1;MultipleMeltPeaks
000NTC;IS21-ISAs29;0;0;1;1;;;;;;-1;NotInformative
GENO;IS21-ISAs29;0;0;2;2;;;;;;-1;NotInformative
7;Tn3;1;0;2;3;39.09;;81.83;;1.85;-1;
8;Tn3;1;0;2;3;39.15;;90.29;;1.79;-1;
9;Tn3;0;0;3;3;;;;;;-1;NotInformative
000NTC;Tn3;0;0;1;1;;;;;;-1;NotInformative
GENO;Tn3;0;0;2;2;;;;;;-1;NotInformative
7;IS6/257;0;0;3;3;;;;;;-1;NotInformative
8;IS6/257;0;0;3;3;;;;;;-1;NotInformative
9;IS6/257;0;0;3;3;;;;;;-1;NotInformative
000NTC;IS6/257;0;0;1;1;;;;;;-1;MultipleMeltPeaks, NotInformative
GENO;IS6/257;0;0;2;2;;;;;;-1;MultipleMeltPeaks, NotInformative
7;IS6100;0;0;3;3;;;;;;-1;NotInformative
8;IS6100;0;0;3;3;;;;;;-1;NotInformative
9;IS6100;0;0;3;3;;;;;;-1;NotInformative
000NTC;IS6100;0;0;1;1;;;;;;-1;NotInformative
GENO;IS6100;0;0;2;2;;;;;;-1;NotInformative
7;IS15DI;0;0;3;3;;;;;;-1;NotInformative
8;IS15DI;0;0;3;3;;;;;;-1;NotInformative
9;IS15DI;0;0;3;3;;;;;;-1;NotInformative
000NTC;IS15DI;0;0;1;1;;;;;;-1;NotInformative
GENO;IS15DI;0;0;2;2;;;;;;-1;NotInformative
7;IncN_korA;0;0;3;3;;;;;;-1;NotInformative
8;IncN_korA;1;0;2;3;35.39;;71.81;;1.81;-1;
9;IncN_korA;0;0;3;3;;;;;;-1;NotInformative
000NTC;IncN_korA;0;0;1;1;;;;;;-1;NotInformative
GENO;IncN_korA;0;0;2;2;;;;;;-1;NotInformative
7;lncF_FIC;0;0;3;3;;;;;;-1;NotInformative
8;lncF_FIC;0;0;3;3;;;;;;-1;NotInformative
9;lncF_FIC;0;0;3;3;;;;;;-1;NotInformative
000NTC;lncF_FIC;0;0;1;1;;;;;;-1;NotInformative
GENO;lncF_FIC;0;0;2;2;;;;;;-1;NotInformative
7;IncI1_repI1;3;0;0;3;30.71;1.27;85.93;3.41;1.82;-1;
8;IncI1_repI1;0;0;3;3;;;;;;-1;MultipleMeltPeaks, NotInformative
9;IncI1_repI1;1;0;2;3;34.69;;87.21;;1.73;-1;MultipleMeltPeaks
000NTC;IncI1_repI1;1;0;0;1;34.79;;81.24;;1.88;-1;
GENO;IncI1_repI1;2;0;0;2;38.14;1.23;81.26;1.44;1.85;-1;
7;IncHI2-smr0018;0;0;3;3;;;;;;-1;NotInformative
8;IncHI2-smr0018;0;0;3;3;;;;;;-1;NotInformative
9;IncHI2-smr0018;0;0;3;3;;;;;;-1;NotInformative
000NTC;IncHI2-smr0018;0;0;1;1;;;;;;-1;NotInformative
GENO;IncHI2-smr0018;0;0;2;2;;;;;;-1;NotInformative
7;IS91;2;0;1;3;40.14;0.36;89.24;0.9;1.76;-1;MultipleMeltPeaks
8;IS91;2;1;0;3;33.62;0.05;91.47;0.79;1.82;-1;ContainsOutlierReplicateCt
9;IS91;3;0;0;3;31.24;1.6;90.11;0.19;1.83;-1;
000NTC;IS91;0;0;1;1;;;;;;-1;NotInformative
GENO;IS91;0;0;2;2;;;;;;-1;NotInformative
7;IS5/IS1182;0;0;3;3;;;;;;-1;NotInformative
8;IS5/IS1182;0;0;3;3;;;;;;-1;NotInformative
9;IS5/IS1182;0;0;3;3;;;;;;-1;NotInformative
000NTC;IS5/IS1182;0;0;1;1;;;;;;-1;NotInformative
GENO;IS5/IS1182;0;0;2;2;;;;;;-1;NotInformative
7;cro;1;0;2;3;38.38;;76.24;;1.54;-1;
8;cro;0;0;3;3;;;;;;-1;NotInformative
9;cro;0;0;3;3;;;;;;-1;NotInformative
000NTC;cro;0;0;1;1;;;;;;-1;NotInformative
GENO;cro;0;0;2;2;;;;;;-1;NotInformative
7;EAE_05855;0;0;3;3;;;;;;-1;NotInformative
8;EAE_05855;0;0;3;3;;;;;;-1;NotInformative
9;EAE_05855;0;0;3;3;;;;;;-1;MultipleMeltPeaks, NotInformative
000NTC;EAE_05855;0;0;1;1;;;;;;-1;NotInformative
GENO;EAE_05855;0;0;2;2;;;;;;-1;NotInformative
7;traN;0;0;3;3;;;;;;-1;NotInformative
8;traN;0;0;3;3;;;;;;-1;NotInformative
9;traN;0;0;3;3;;;;;;-1;NotInformative
000NTC;traN;1;0;0;1;41.95;;72.2;;1.91;-1;
GENO;traN;0;0;2;2;;;;;;-1;NotInformative
7;tra-A;0;0;3;3;;;;;;-1;MultipleMeltPeaks, NotInformative
8;tra-A;1;0;2;3;37.33;;89.88;;1.69;-1;MultipleMeltPeaks
9;tra-A;3;0;0;3;34.93;1.61;89.42;0.83;1.7;-1;
000NTC;tra-A;0;0;1;1;;;;;;-1;MultipleMeltPeaks, NotInformative
GENO;tra-A;0;0;2;2;;;;;;-1;MultipleMeltPeaks, NotInformative
7;trb-C;3;0;0;3;24.79;0.72;83.87;0.35;1.79;-1;
8;trb-C;2;1;0;3;24.22;0.02;84.64;0.52;1.77;-1;ContainsOutlierReplicateCt
9;trb-C;1;0;2;3;26.3;;84.65;;1.7;-1;MultipleMeltPeaks
000NTC;trb-C;1;0;0;1;29.87;;86.65;;1.77;-1;
GENO;trb-C;1;0;1;2;28.26;;83.83;;1.57;-1;MultipleMeltPeaks
7;IncQ_oriT;0;0;3;3;;;;;;-1;MultipleMeltPeaks, NotInformative
8;IncQ_oriT;2;0;1;3;38.37;5.21;84.76;0.53;1.6;-1;
9;IncQ_oriT;1;0;2;3;34.54;;88.91;;1.38;-1;MultipleMeltPeaks
000NTC;IncQ_oriT;0;0;1;1;;;;;;-1;NotInformative
GENO;IncQ_oriT;0;0;2;2;;;;;;-1;NotInformative
7;IncN_rep;0;0;3;3;;;;;;-1;NotInformative
8;IncN_rep;1;0;2;3;29.4;;77.43;;1.52;-1;
9;IncN_rep;1;0;2;3;29.25;;86.58;;1.47;-1;MultipleMeltPeaks
000NTC;IncN_rep;0;0;1;1;;;;;;-1;MultipleMeltPeaks, NotInformative
GENO;IncN_rep;1;0;1;2;31.64;;77.23;;1.94;-1;
7;IncN_oriT;0;0;3;3;;;;;;-1;NotInformative
8;IncN_oriT;2;0;1;3;34.56;3.21;81.12;10.16;1.71;-1;
9;IncN_oriT;1;0;2;3;34.14;;89.08;;1.85;-1;MultipleMeltPeaks
000NTC;IncN_oriT;0;0;1;1;;;;;;-1;NotInformative
GENO;IncN_oriT;2;0;0;2;39.26;0.92;72.34;0.99;1.62;-1;
7;IncP_oriT;2;0;1;3;26.7;0.24;83.91;1.08;1.87;-1;MultipleMeltPeaks
8;IncP_oriT;2;0;1;3;28.82;2.55;83.06;0.4;1.67;-1;MultipleMeltPeaks
9;IncP_oriT;3;0;0;3;25.78;0.61;84.4;0.39;1.87;-1;
000NTC;IncP_oriT;0;0;1;1;;;;;;-1;NotInformative
GENO;IncP_oriT;0;0;2;2;;;;;;-1;NotInformative
7;IncW_trwAB;1;0;2;3;36.78;;91.19;;1.89;-1;MultipleMeltPeaks
8;IncW_trwAB;2;0;1;3;37.59;0.66;89.93;0.5;1.86;-1;MultipleMeltPeaks
9;IncW_trwAB;3;0;0;3;34.05;0.73;92.19;0.83;1.89;-1;
000NTC;IncW_trwAB;0;0;1;1;;;;;;-1;NotInformative
GENO;IncW_trwAB;1;0;1;2;41.73;;76.62;;1.63;-1;
7;PAMBL-1-F_377old;0;0;3;3;;;;;;-1;NotInformative
8;PAMBL-1-F_377old;0;0;3;3;;;;;;-1;NotInformative
9;PAMBL-1-F_377old;0;0;3;3;;;;;;-1;NotInformative
000NTC;PAMBL-1-F_377old;0;0;1;1;;;;;;-1;NotInformative
GENO;PAMBL-1-F_377old;0;0;2;2;;;;;;-1;NotInformative
7;pAKD1-IncP-1?;0;0;3;3;;;;;;-1;NotInformative
8;pAKD1-IncP-1?;0;0;3;3;;;;;;-1;NotInformative
9;pAKD1-IncP-1?;0;0;3;3;;;;;;-1;NotInformative
000NTC;pAKD1-IncP-1?;0;0;1;1;;;;;;-1;NotInformative
GENO;pAKD1-IncP-1?;0;0;2;2;;;;;;-1;NotInformative
7;pBS228-IncP-1?;0;0;3;3;;;;;;-1;NotInformative
8;pBS228-IncP-1?;0;0;3;3;;;;;;-1;NotInformative
9;pBS228-IncP-1?;0;0;3;3;;;;;;-1;NotInformative
000NTC;pBS228-IncP-1?;0;0;1;1;;;;;;-1;NotInformative
GENO;pBS228-IncP-1?;0;0;2;2;;;;;;-1;NotInformative
7;sul2;2;1;0;3;35.07;0.63;88.05;0.02;1.74;-1;ContainsOutlierReplicateCt
8;sul2;1;0;2;3;42.52;;87.91;;1.74;-1;
9;sul2;2;0;1;3;38.99;2.59;86.54;4.18;1.81;-1;MultipleMeltPeaks
000NTC;sul2;0;0;1;1;;;;;;-1;NotInformative
GENO;sul2;0;0;2;2;;;;;;-1;NotInformative
7;strB;0;0;3;3;;;;;;-1;NotInformative
8;strB;0;0;3;3;;;;;;-1;NotInformative
9;strB;1;0;2;3;39.45;;84.02;;1.84;-1;
000NTC;strB;0;0;1;1;;;;;;-1;NotInformative
GENO;strB;0;0;2;2;;;;;;-1;NotInformative
7;folA;0;0;3;3;;;;;;-1;NotInformative
8;folA;0;0;3;3;;;;;;-1;NotInformative
9;folA;0;0;3;3;;;;;;-1;NotInformative
000NTC;folA;0;0;1;1;;;;;;-1;NotInformative
GENO;folA;0;0;2;2;;;;;;-1;NotInformative
7;sulA/folP;1;0;2;3;30.93;;77.97;;1.89;-1;
8;sulA/folP;3;0;0;3;32.63;3.26;77.81;0.25;1.85;-1;
9;sulA/folP;1;0;2;3;30.24;;78.01;;1.87;-1;
000NTC;sulA/folP;1;0;0;1;29.74;;77.8;;1.88;-1;
GENO;sulA/folP;1;0;1;2;43.61;;75.65;;2.07;-1;
7;sul1 NEW;0;0;3;3;;;;;;-1;NotInformative
8;sul1 NEW;0;0;3;3;;;;;;-1;NotInformative
9;sul1 NEW;0;0;3;3;;;;;;-1;NotInformative
000NTC;sul1 NEW;0;0;1;1;;;;;;-1;NotInformative
GENO;sul1 NEW;0;0;2;2;;;;;;-1;NotInformative
7;sulIII;0;0;3;3;;;;;;-1;NotInformative
8;sulIII;0;0;3;3;;;;;;-1;NotInformative
9;sulIII;0;0;3;3;;;;;;-1;MultipleMeltPeaks, NotInformative
000NTC;sulIII;0;0;1;1;;;;;;-1;MultipleMeltPeaks, NotInformative
GENO;sulIII;0;0;2;2;;;;;;-1;MultipleMeltPeaks, NotInformative
7;Tp614;0;0;3;3;;;;;;-1;NotInformative
8;Tp614;0;0;3;3;;;;;;-1;NotInformative
9;Tp614;2;0;1;3;40.16;5.03;88.98;4.22;1.68;-1;
000NTC;Tp614;1;0;0;1;32.42;;75.58;;1.82;-1;
GENO;Tp614;1;0;1;2;38.61;;74.05;;1.57;-1;
7;IS613;0;0;3;3;;;;;;-1;NotInformative
8;IS613;0;0;3;3;;;;;;-1;NotInformative
9;IS613;0;0;3;3;;;;;;-1;NotInformative
000NTC;IS613;0;0;1;1;;;;;;-1;NotInformative
GENO;IS613;0;0;2;2;;;;;;-1;NotInformative
7;tnpAa;0;0;3;3;;;;;;-1;NotInformative
8;tnpAa;0;0;3;3;;;;;;-1;NotInformative
9;tnpAa;1;0;2;3;41.67;;80.67;;1.83;-1;
000NTC;tnpAa;0;0;1;1;;;;;;-1;NotInformative
GENO;tnpAa;0;0;2;2;;;;;;-1;NotInformative
7;tnpAb;1;0;2;3;31.05;;76.8;;1.76;-1;MultipleMeltPeaks
8;tnpAb;2;0;1;3;33.79;5.6;82.58;8.94;1.83;-1;
9;tnpAb;1;0;2;3;41.52;;90.99;;1.81;-1;
000NTC;tnpAb;1;0;0;1;41.21;;74.87;;1.88;-1;
GENO;tnpAb;2;0;0;2;34.67;6.58;77.17;2.22;1.82;-1;
7;tnpAc;3;0;0;3;40.17;3.32;86.12;0.61;1.77;-1;
8;tnpAc;0;0;3;3;;;;;;-1;MultipleMeltPeaks, NotInformative
9;tnpAc;0;0;3;3;;;;;;-1;MultipleMeltPeaks, NotInformative
000NTC;tnpAc;0;0;1;1;;;;;;-1;NotInformative
GENO;tnpAc;1;0;1;2;43.16;;74.75;;1.54;-1;
7;tnpAd;2;0;1;3;30.87;0.64;83.64;0.08;1.91;-1;
8;tnpAd;3;0;0;3;32.82;2.69;83;0.37;1.87;-1;
9;tnpAd;2;0;1;3;35.58;4.58;83.44;0.04;1.9;-1;MultipleMeltPeaks
000NTC;tnpAd;0;0;1;1;;;;;;-1;NotInformative
GENO;tnpAd;0;0;2;2;;;;;;-1;NotInformative
7;tnpAe;0;0;3;3;;;;;;-1;NotInformative
8;tnpAe;1;0;2;3;38.66;;76.62;;1.61;-1;
9;tnpAe;0;0;3;3;;;;;;-1;NotInformative
000NTC;tnpAe;0;0;1;1;;;;;;-1;NotInformative
GENO;tnpAe;0;0;2;2;;;;;;-1;NotInformative
7;tnpAf;0;0;3;3;;;;;;-1;NotInformative
8;tnpAf;0;0;3;3;;;;;;-1;NotInformative
9;tnpAf;0;0;3;3;;;;;;-1;NotInformative
000NTC;tnpAf;0;0;1;1;;;;;;-1;NotInformative
GENO;tnpAf;0;0;2;2;;;;;;-1;NotInformative
7;tnpAg;0;0;3;3;;;;;;-1;NotInformative
8;tnpAg;1;0;2;3;38.96;;75.63;;1.81;-1;
9;tnpAg;1;0;2;3;40.31;;75.43;;1.92;-1;
000NTC;tnpAg;1;0;0;1;36.89;;75.13;;1.87;-1;
GENO;tnpAg;1;0;1;2;38.23;;75.48;;1.79;-1;
7;trfa;1;0;2;3;42.09;;90.04;;1.82;-1;
8;trfa;0;0;3;3;;;;;;-1;NotInformative
9;trfa;0;0;3;3;;;;;;-1;NotInformative
000NTC;trfa;0;0;1;1;;;;;;-1;NotInformative
GENO;trfa;0;0;2;2;;;;;;-1;NotInformative
7;dfra14;1;0;2;3;41.63;;90.62;;1.76;-1;
8;dfra14;0;0;3;3;;;;;;-1;NotInformative
9;dfra14;0;0;3;3;;;;;;-1;NotInformative
000NTC;dfra14;0;0;1;1;;;;;;-1;NotInformative
GENO;dfra14;0;0;2;2;;;;;;-1;NotInformative
7;dfra17;0;0;3;3;;;;;;-1;NotInformative
8;dfra17;0;0;3;3;;;;;;-1;NotInformative
9;dfra17;0;0;3;3;;;;;;-1;NotInformative
000NTC;dfra17;0;0;1;1;;;;;;-1;NotInformative
GENO;dfra17;0;0;2;2;;;;;;-1;NotInformative
7;dfra7;0;0;3;3;;;;;;-1;NotInformative
8;dfra7;0;0;3;3;;;;;;-1;MultipleMeltPeaks, NotInformative
9;dfra7;0;0;3;3;;;;;;-1;NotInformative
000NTC;dfra7;1;0;0;1;35.84;;80.46;;1.62;-1;
GENO;dfra7;0;0;2;2;;;;;;-1;NotInformative
7;dfra21;0;0;3;3;;;;;;-1;NotInformative
8;dfra21;0;0;3;3;;;;;;-1;NotInformative
9;dfra21;0;0;3;3;;;;;;-1;NotInformative
000NTC;dfra21;1;0;0;1;35.66;;79.89;;1.85;-1;
GENO;dfra21;0;0;2;2;;;;;;-1;NotInformative
7;dfra5;1;0;2;3;35.81;;81.1;;1.43;-1;MultipleMeltPeaks
8;dfra5;1;0;2;3;34.13;;86.31;;1.49;-1;MultipleMeltPeaks
9;dfra5;0;0;3;3;;;;;;-1;MultipleMeltPeaks, NotInformative
000NTC;dfra5;1;0;0;1;25.33;;85.59;;1.71;-1;
GENO;dfra5;0;0;2;2;;;;;;-1;MultipleMeltPeaks, NotInformative
7;dfrA8;1;0;2;3;40.25;;83.16;;1.86;-1;
8;dfrA8;0;0;3;3;;;;;;-1;NotInformative
9;dfrA8;1;0;2;3;39.02;;80.57;;1.77;-1;
000NTC;dfrA8;0;0;1;1;;;;;;-1;NotInformative
GENO;dfrA8;0;0;2;2;;;;;;-1;NotInformative
7;dfrA10;2;0;1;3;37.26;1.44;86.8;5.71;1.93;-1;
8;dfrA10;3;0;0;3;43.48;0.81;86.12;4.37;1.77;-1;
9;dfrA10;1;0;2;3;38.44;;90.9;;1.76;-1;MultipleMeltPeaks
000NTC;dfrA10;0;0;1;1;;;;;;-1;NotInformative
GENO;dfrA10;0;0;2;2;;;;;;-1;NotInformative
7;dfrA15;1;0;2;3;37.4;;78.3;;1.88;-1;MultipleMeltPeaks
8;dfrA15;1;0;2;3;40.85;;83.07;;1.84;-1;
9;dfrA15;1;0;2;3;35.03;;86.47;;1.97;-1;MultipleMeltPeaks
000NTC;dfrA15;0;0;1;1;;;;;;-1;NotInformative
GENO;dfrA15;0;0;2;2;;;;;;-1;NotInformative
7;dfrA18;0;0;3;3;;;;;;-1;NotInformative
8;dfrA18;0;0;3;3;;;;;;-1;NotInformative
9;dfrA18;0;0;3;3;;;;;;-1;NotInformative
000NTC;dfrA18;0;0;1;1;;;;;;-1;NotInformative
GENO;dfrA18;0;0;2;2;;;;;;-1;NotInformative
7;dfrA22;2;1;0;3;33.26;0.06;85.48;3.95;1.81;-1;ContainsOutlierReplicateCt
8;dfrA22;3;0;0;3;34;1.86;85.33;1.22;1.73;-1;
9;dfrA22;1;0;2;3;34.11;;91.88;;1.98;-1;MultipleMeltPeaks
000NTC;dfrA22;0;0;1;1;;;;;;-1;NotInformative
GENO;dfrA22;0;0;2;2;;;;;;-1;NotInformative
7;dfrA25;2;0;1;3;37.86;1.08;89.65;1.13;1.81;-1;
8;dfrA25;1;0;2;3;39.49;;78.04;;1.82;-1;MultipleMeltPeaks
9;dfrA25;2;0;1;3;39.05;1.62;85.1;2.73;1.9;-1;MultipleMeltPeaks
000NTC;dfrA25;0;0;1;1;;;;;;-1;NotInformative
GENO;dfrA25;0;0;2;2;;;;;;-1;NotInformative
7;dfrA27;3;0;0;3;32.46;0.47;90.3;0.81;1.92;-1;
8;dfrA27;2;0;1;3;33.61;0.37;90.23;0.51;1.95;-1;MultipleMeltPeaks
9;dfrA27;2;0;1;3;33.58;0.87;89.66;0.15;1.93;-1;MultipleMeltPeaks
000NTC;dfrA27;1;0;0;1;33.68;;76.65;;1.84;-1;
GENO;dfrA27;2;0;0;2;39.51;0.39;77.37;2.47;1.84;-1;
7;dfrAB4;0;0;3;3;;;;;;-1;NotInformative
8;dfrAB4;0;0;3;3;;;;;;-1;NotInformative
9;dfrAB4;0;0;3;3;;;;;;-1;NotInformative
000NTC;dfrAB4;0;0;1;1;;;;;;-1;NotInformative
GENO;dfrAB4;0;0;2;2;;;;;;-1;NotInformative
7;dfrC;0;0;3;3;;;;;;-1;NotInformative
8;dfrC;0;0;3;3;;;;;;-1;NotInformative
9;dfrC;0;0;3;3;;;;;;-1;NotInformative
000NTC;dfrC;0;0;1;1;;;;;;-1;NotInformative
GENO;dfrC;0;0;2;2;;;;;;-1;NotInformative
7;dfrG;0;0;3;3;;;;;;-1;NotInformative
8;dfrG;0;0;3;3;;;;;;-1;NotInformative
9;dfrG;0;0;3;3;;;;;;-1;NotInformative
000NTC;dfrG;0;0;1;1;;;;;;-1;NotInformative
GENO;dfrG;1;0;1;2;42.2;;73.96;;2.09;-1;
7;dfrK;0;0;3;3;;;;;;-1;NotInformative
8;dfrK;0;0;3;3;;;;;;-1;NotInformative
9;dfrK;0;0;3;3;;;;;;-1;NotInformative
000NTC;dfrK;0;0;1;1;;;;;;-1;NotInformative
GENO;dfrK;2;0;0;2;34.9;8.97;77.87;5.36;1.6;-1;
7;dfrBmulti;2;0;1;3;39.93;1.96;83.45;2.54;1.77;-1;MultipleMeltPeaks
8;dfrBmulti;1;0;2;3;33.5;;87.61;;1.9;-1;MultipleMeltPeaks
9;dfrBmulti;2;0;1;3;31.21;4.62;90.9;1.42;1.85;-1;MultipleMeltPeaks
000NTC;dfrBmulti;0;0;1;1;;;;;;-1;NotInformative
GENO;dfrBmulti;0;0;2;2;;;;;;-1;NotInformative
7;GENO;4;0;2;6;30.7;1.61;89.77;0.68;1.84;-1;MultipleMeltPeaks
8;GENO;6;0;0;6;29.03;0.73;90.56;0.41;1.85;-1;
9;GENO;4;0;2;6;26.16;1.72;89.2;0.82;1.91;-1;MultipleMeltPeaks
000NTC;GENO;2;0;0;2;32.37;1.8;77.8;3.11;1.82;-1;
GENO;GENO;2;0;2;4;29.52;1.02;79.36;5.25;1.87;-1;MultipleMeltPeaks
